date,open,high,low,close,volume,quote_volume,trades,taker_buy_volume,taker_buy_quote,coin
2025-01-01,93576.0,95151.15,92888.0,94591.79,10373.32613,975444194.1379983,1516556,5347.73648,502914035.6405907,Bitcoin
2025-01-01,3337.78,3374.85,3313.88,3360.38,190238.5861,636613395.6959649,1182219,99518.0217,333085258.287462,Ethereum
2025-01-02,94591.78,97839.5,94392.0,96984.79,21970.48948,2118411852.68128,3569079,10915.96986,1052226710.3336716,Bitcoin
2025-01-02,3360.39,3509.99,3354.5,3455.67,338632.8874,1166286232.162882,2373075,169044.3627,582161055.5219649,Ethereum
2025-01-03,96984.79,98976.91,96100.01,98174.18,15253.82936,1486610768.5907917,2851164,7468.60797,727787246.8965588,Bitcoin
2025-01-03,3455.68,3630.0,3423.44,3609.01,334041.0604,1179953901.101814,2293811,169194.075,597682226.030962,Ethereum
2025-01-04,98174.17,98778.43,97514.79,98220.5,8990.05651,881223751.6353604,1559982,4350.80221,426524714.1305539,Bitcoin
2025-01-04,3609.0,3671.6,3572.42,3656.88,229266.3133,829864804.8598369,1567855,116823.1483,422850861.086886,Ethereum
2025-01-05,98220.51,98836.85,97276.79,98363.61,8095.63723,793931715.9546323,1685799,3877.90985,380355340.4686036,Bitcoin
2025-01-05,3656.88,3675.25,3593.7,3635.99,155444.1741,564147572.800669,1461192,76901.3758,279135355.270006,Ethereum
2025-01-06,98363.61,102480.0,97920.0,102235.6,25263.43375,2540561688.7771435,3853702,12539.59534,1260943259.466256,Bitcoin
2025-01-06,3636.0,3744.83,3610.63,3687.45,329642.3648,1210642823.302069,2753873,166824.6196,612822771.954551,Ethereum
2025-01-07,102235.6,102724.38,96181.81,96954.61,32059.87537,3170421659.717236,4480562,14815.11453,1464336049.7055345,Bitcoin
2025-01-07,3687.44,3700.86,3356.31,3381.31,541543.2874,1899318756.158016,3538701,254553.4502,892893276.0208089,Ethereum
2025-01-08,96954.6,97268.65,92500.9,95060.61,33704.67894,3205849081.112962,5171208,15803.85091,1503791328.6993084,Bitcoin
2025-01-08,3381.31,3415.1,3208.2,3327.29,584749.9627,1944382187.6566591,3766197,275577.2269,916259778.4183792,Ethereum
2025-01-09,95060.61,95382.32,91203.67,92552.49,34544.83685,3217669887.2453976,6027161,15323.62663,1427812152.272761,Bitcoin
2025-01-09,3327.29,3357.27,3158.0,3219.2,501818.4247,1638958679.714368,3685889,237793.7346,777185110.082679,Ethereum
2025-01-10,92552.49,95836.0,92206.02,94726.11,31482.86424,2962085343.283704,5531444,15617.43823,1469711545.6571271,Bitcoin
2025-01-10,3219.2,3322.49,3193.97,3267.04,454142.1333,1482940591.671988,3199118,222519.1849,726413490.6683741,Ethereum
2025-01-11,94726.1,95050.94,93831.73,94599.99,7047.9043,665685994.93301,1496191,3412.37671,322346977.43545526,Bitcoin
2025-01-11,3267.05,3320.18,3217.56,3282.83,151679.7487,494933295.358262,1208777,74202.7876,242350177.143991,Ethereum
2025-01-12,94599.99,95450.1,93711.19,94545.06,8606.86622,813278829.6583949,1658863,4028.33031,380691769.9184427,Bitcoin
2025-01-12,3282.83,3300.0,3224.49,3267.3,164879.9709,538751712.0457871,1151908,78312.5332,255990007.31399,Ethereum
2025-01-13,94545.07,95940.0,89256.69,94536.1,42619.56423,3930666134.3474574,5740963,19473.88042,1797888178.849608,Bitcoin
2025-01-13,3267.3,3339.0,2920.0,3137.51,845907.5669,2614824635.154439,4900248,410956.8014,1271030799.211468,Ethereum
2025-01-14,94536.11,97371.0,94346.22,96560.86,27846.61753,2676048470.3569503,4532923,14248.69616,1369464111.693496,Bitcoin
2025-01-14,3137.51,3256.67,3125.65,3225.63,374308.4517,1197715520.899026,2446285,180843.3605,578754045.677244,Ethereum
2025-01-15,96560.85,100681.94,96500.0,100497.35,30509.99179,3006242382.8867946,3487945,15494.17873,1527728226.3083327,Bitcoin
2025-01-15,3225.63,3473.75,3186.36,3451.52,464188.034,1537407357.366771,2689488,233981.7183,775803015.406068,Ethereum
2025-01-16,100497.35,100866.66,97335.13,99987.3,27832.85317,2765162040.639799,3762755,13513.53707,1342462621.6273284,Bitcoin
2025-01-16,3451.51,3460.79,3265.44,3308.05,471282.6787,1573512574.074851,2667507,227669.8721,760336218.428321,Ethereum
2025-01-17,99987.3,105865.22,99950.77,104077.48,39171.85292,4040993985.475047,3886907,20673.213,2131223293.2048464,Bitcoin
2025-01-17,3308.04,3525.72,3307.5,3473.63,518550.1813,1773013467.309093,3165882,269301.5133,920836504.156446,Ethereum
2025-01-18,104077.47,104988.88,102277.55,104556.23,24307.82998,2521522119.379525,3403162,11607.51274,1204170928.374812,Bitcoin
2025-01-18,3473.64,3494.39,3227.0,3307.71,634197.1281,2100633661.7644196,3931387,309754.3291,1025970289.517671,Ethereum
2025-01-19,104556.23,106422.43,99651.6,101331.57,43397.28298,4513423971.410252,5271920,21079.51082,2193270771.0019445,Bitcoin
2025-01-19,3307.71,3448.99,3130.48,3215.12,1342301.5217,4408659681.01233,7064813,651932.4312,2143657478.900286,Ethereum
2025-01-20,101331.57,109588.0,99550.0,102260.01,89529.231732,9398787064.320717,11597937,44770.529492,4704453254.515383,Bitcoin
2025-01-20,3215.2,3453.69,3142.78,3284.0,1158354.7814,3830020315.131607,7137551,572672.7028,1895320599.961986,Ethereum
2025-01-21,102260.0,107240.81,100119.04,106143.82,45941.02002,4768512258.156501,6842980,23227.02741,2411854258.5127187,Bitcoin
2025-01-21,3283.99,3368.0,3204.6,3327.54,548706.0513,1802317579.6676595,3752957,271093.6278,890755658.885448,Ethereum
2025-01-22,106143.82,106394.46,103339.12,103706.66,22248.69254,2331144640.658579,4364035,10501.59306,1100173331.9876585,Bitcoin
2025-01-22,3327.55,3365.99,3222.85,3242.6,349240.7498,1150648371.196559,2187671,163482.76,538844820.5045631,Ethereum
2025-01-23,103706.66,106850.0,101262.28,103910.34,53953.12031,5610760848.131639,6961383,27045.92646,2813824950.571884,Bitcoin
2025-01-23,3242.61,3347.97,3185.0,3338.21,605592.7225,1965307923.080547,3255920,303294.9418,984590435.717348,Ethereum
2025-01-24,103910.35,107120.0,102750.0,104870.5,23609.24017,2483818574.373748,4798886,11893.4605,1251601023.3484683,Bitcoin
2025-01-24,3338.22,3428.0,3275.9,3310.09,451524.2752,1519379297.690963,2793569,215008.0035,723830815.0465231,Ethereum
2025-01-25,104870.51,105286.52,104106.09,104746.85,9068.32377,949511531.3578016,1770765,4462.60438,467284996.3760967,Bitcoin
2025-01-25,3310.1,3350.68,3268.66,3318.77,208559.0415,690383485.125444,1456638,98129.4498,324799632.127654,Ethereum
2025-01-26,104746.86,105500.0,102520.44,102620.0,9812.51238,1024352365.4715524,1813011,4642.17247,484871090.3361497,Bitcoin
2025-01-26,3318.76,3362.0,3230.0,3232.61,272165.469,899291017.6133741,1416325,116826.2789,386320687.82792896,Ethereum
2025-01-27,102620.01,103260.0,97777.77,102082.83,50758.1341,5092886322.829244,9368910,23529.22433,2361569760.8418937,Bitcoin
2025-01-27,3232.61,3253.91,3020.01,3182.44,753004.7529,2349770569.706611,4888504,345284.5821,1077195796.137122,Ethereum
2025-01-28,102082.83,103800.0,100272.68,101335.52,22022.05765,2253977324.0362086,5428644,10756.64741,1101357650.2919877,Bitcoin
2025-01-28,3182.44,3223.01,3040.03,3077.72,350959.7173,1107001736.175005,2936974,170776.7271,538990208.7234471,Ethereum
2025-01-29,101335.52,104782.68,101328.01,103733.24,23155.35802,2380383694.772136,5189699,11675.17182,1200636637.8143668,Bitcoin
2025-01-29,3077.72,3182.52,3054.06,3113.9,409737.2576,1278256645.74957,3277369,200807.9235,626556500.38162,Ethereum
2025-01-30,103733.25,106457.44,103278.54,104722.94,19374.07472,2038112603.5126407,3990075,10140.92834,1066933244.9920208,Bitcoin
2025-01-30,3113.9,3283.43,3091.06,3247.39,350639.4823,1130886606.539682,2410789,180484.1307,581935263.184576,Ethereum
2025-01-31,104722.94,106012.0,101560.0,102429.56,21983.18193,2282174002.1952176,4331904,10697.39968,1111485874.1292844,Bitcoin
2025-01-31,3247.38,3437.31,3213.8,3300.99,648681.6561,2158479814.3317432,3802893,343645.0199,1144000791.641501,Ethereum
2025-02-01,102429.56,102783.71,100279.51,100635.65,12290.95747,1250354228.2372296,2588786,5625.89331,572540016.1490111,Bitcoin
2025-02-01,3300.99,3331.98,3101.7,3117.54,354065.2525,1142845926.865901,2900696,170674.3585,551595869.3951031,Ethereum
2025-02-02,100635.66,101456.6,96150.0,97700.59,34619.49939,3412084312.583628,7202339,15587.16669,1536076091.303013,Bitcoin
2025-02-02,3117.54,3163.2,2750.71,2869.68,1050805.93,3131430738.391756,5974563,494989.1069,1476742890.842307,Ethereum
2025-02-03,97700.59,102500.01,91231.0,101328.52,75164.7385,7228589180.71162,10625262,36736.56946,3537845694.481265,Bitcoin
2025-02-03,2869.68,2921.0,2125.01,2879.9,2807979.021,7325488963.974643,10550628,1344253.3318,3509887592.196321,Ethereum
2025-02-04,101328.51,101732.31,96150.0,97763.13,40267.98697,3989698644.26493,6618911,19091.58154,1891457194.3598328,Bitcoin
2025-02-04,2879.89,2888.5,2632.6,2731.19,1259594.3919,3477670143.18934,4767588,602952.4706,1664512055.454141,Ethereum
2025-02-05,97763.14,99149.0,96155.0,96612.43,26233.30444,2562342153.829685,4471763,11032.55174,1078316288.1425588,Bitcoin
2025-02-05,2731.19,2826.95,2699.13,2788.25,686593.0429,1897054238.4902232,3498289,327991.4256,906340721.064559,Ethereum
2025-02-06,96612.44,99120.0,95676.64,96554.35,23515.20405,2289071921.21756,4242807,11261.53049,1096611639.3760087,Bitcoin
2025-02-06,2788.25,2857.64,2655.28,2686.64,719459.9571,1981674881.3221192,3805682,325809.3292,897799508.979957,Ethereum
2025-02-07,96554.35,100137.99,95620.34,96506.8,31794.22065,3107592434.6738343,5012456,15249.3537,1491114588.559852,Bitcoin
2025-02-07,2686.63,2797.5,2562.51,2622.1,695467.3612,1875060380.334312,3272698,327218.1388,882532535.7225661,Ethereum
2025-02-08,96506.8,96880.0,95688.0,96444.74,10147.24294,977040267.5158632,1757892,4450.52682,428452764.9047411,Bitcoin
2025-02-08,2622.11,2667.3,2588.8,2632.46,379685.1509,996898803.984915,1865406,182406.1592,478945902.373384,Ethereum
2025-02-09,96444.75,97323.09,94713.0,96462.75,14120.91613,1359495152.3107977,2293192,6663.72875,641795598.1752762,Bitcoin
2025-02-09,2632.46,2698.9,2520.02,2627.18,387166.7911,1016386052.050485,2319910,185314.8373,486833033.68547696,Ethereum
2025-02-10,96462.75,98345.0,95256.0,97430.82,20572.87537,1999112052.6687863,3475919,9607.62329,933665618.5050192,Bitcoin
2025-02-10,2627.18,2693.79,2559.85,2661.19,398173.2716,1051708232.55688,2736600,195023.1915,515093980.36806,Ethereum
2025-02-11,97430.82,98478.42,94876.88,95778.2,18647.76379,1806534846.38632,3716586,8594.50066,832320054.8763715,Bitcoin
2025-02-11,2661.19,2725.04,2558.24,2602.59,484196.1435,1286091770.773805,2776008,226374.751,602010853.065178,Ethereum
2025-02-12,95778.21,98119.99,94088.23,97869.99,29151.16625,2800142168.3943653,4992737,13820.70553,1328044257.0401337,Bitcoin
2025-02-12,2602.59,2795.45,2546.92,2738.27,646295.8959,1705436939.533127,4190060,324858.6193,858009920.218688,Ethereum
2025-02-13,97870.0,98083.91,95217.36,96608.14,19921.77616,1916988246.3921185,3909456,8852.16215,851823567.0939348,Bitcoin
2025-02-13,2738.27,2757.28,2612.76,2675.87,443769.2853,1185301387.824423,3213834,217787.6458,581683038.436098,Ethereum
2025-02-14,96608.13,98826.0,96252.82,97500.48,18173.02646,1768073218.8690157,3499564,9061.31682,881925349.6444213,Bitcoin
2025-02-14,2675.87,2791.78,2664.46,2725.95,419895.7862,1142877818.043903,2645594,222908.7801,606858652.1395049,Ethereum
2025-02-15,97500.47,97972.26,97223.58,97569.66,7349.37683,717245393.778092,1694327,3579.14202,349322778.2339769,Bitcoin
2025-02-15,2725.95,2739.0,2662.28,2693.04,202971.4295,548554180.2223231,1678502,90810.3179,245463912.573468,Ethereum
2025-02-16,97569.67,97704.47,96046.18,96118.12,8191.4249,794694242.2949731,1596701,3719.73063,360842416.66441673,Bitcoin
2025-02-16,2693.04,2727.31,2651.26,2661.41,191231.5314,514482095.174283,1449884,89433.4055,240599550.812392,Ethereum
2025-02-17,96118.12,97046.59,95205.0,95780.0,16492.0451,1584593526.1754675,2831237,8010.41565,769979077.1361973,Bitcoin
2025-02-17,2661.41,2849.7,2637.71,2744.05,639739.8197,1752388687.805609,3881592,329950.3751,904399237.600089,Ethereum
2025-02-18,95780.01,96753.91,93388.09,95671.74,23368.19471,2223994802.892005,4234248,11432.47367,1088319233.5219896,Bitcoin
2025-02-18,2744.05,2756.93,2605.44,2671.99,604863.8737,1616153629.018717,3898156,285508.8694,762964442.3858529,Ethereum
2025-02-19,95671.74,96899.99,95029.99,96644.37,16438.50954,1576817572.1032505,2784225,7173.61807,688586919.9759259,Bitcoin
2025-02-19,2672.0,2736.7,2656.03,2715.5,326154.0202,882047186.131933,2376004,163604.8767,442601160.33245903,Ethereum
2025-02-20,96644.37,98711.36,96415.09,98305.0,17057.39177,1663386824.7315507,2386973,8356.42859,815056614.173827,Bitcoin
2025-02-20,2715.51,2770.59,2707.18,2738.04,336735.2544,921476439.354937,2096063,170515.6667,466756209.201236,Ethereum
2025-02-21,98305.01,99475.0,94871.95,96181.98,32249.2814,3143975917.573464,4528525,15313.58184,1493403646.8483028,Bitcoin
2025-02-21,2738.04,2845.32,2616.72,2663.0,890440.0604,2429306635.177234,3872201,428879.7345,1170981749.414793,Ethereum
2025-02-22,96181.99,96980.0,95770.49,96551.01,11268.17708,1087077133.8226364,1506418,5293.28051,510722895.1675426,Bitcoin
2025-02-22,2663.0,2798.07,2653.33,2763.22,444989.6669,1214059511.899935,2597168,248387.7772,677008292.573996,Ethereum
2025-02-23,96551.01,96650.0,95227.94,96258.0,10884.84913,1044392011.791024,1457368,4619.93267,443381984.4110255,Bitcoin
2025-02-23,2763.23,2857.34,2745.41,2819.69,611002.1222,1711849865.819046,2796506,321625.3377,901407652.084993,Ethereum
2025-02-24,96258.0,96500.0,91349.26,91552.88,31550.10299,2981809595.445377,4972684,14438.63366,1366473567.8747733,Bitcoin
2025-02-24,2819.7,2839.95,2470.33,2513.52,876876.3707,2334572148.661956,4737903,411575.6658,1095102528.763101,Ethereum
2025-02-25,91552.88,92540.69,86050.99,88680.4,78333.11111,6962982500.904473,10289145,35822.15275,3183981371.4750504,Bitcoin
2025-02-25,2513.52,2533.49,2313.49,2495.7,1322016.8718,3207776114.782463,7076645,655424.217,1590563026.371759,Ethereum
2025-02-26,88680.39,89414.15,82256.01,84250.09,56893.54409,4898429925.636476,8490006,28077.1845,2417690848.8189874,Bitcoin
2025-02-26,2495.69,2507.5,2253.77,2336.37,863087.2133,2059160287.050773,5495972,408608.956,975185376.421555,Ethereum
2025-02-27,84250.09,87078.46,82716.49,84708.58,42505.45439,3618738891.222162,6357581,20355.71969,1732725913.2817628,Bitcoin
2025-02-27,2336.38,2381.6,2230.57,2307.72,637583.9106,1480849324.540646,3906903,297736.9154,691230000.438891,Ethereum
2025-02-28,84708.57,85120.0,78258.52,84349.94,83648.03969,6806705236.69068,11344216,40224.85287,3274291175.8104,Bitcoin
2025-02-28,2307.72,2314.18,2076.26,2237.59,1291539.0557,2794546441.726884,5708556,625030.5287,1351940395.764772,Ethereum
2025-03-01,84349.95,86558.0,83824.78,86064.53,25785.05464,2194003507.852643,3700728,11748.10769,1000093822.5383524,Bitcoin
2025-03-01,2237.59,2281.14,2142.73,2217.39,446430.7271,988941461.4303608,2511839,209196.8605,463872993.77574897,Ethereum
2025-03-02,86064.54,95000.0,85050.6,94270.0,54889.09045,4972549515.788669,7403218,29273.81031,2652973441.154539,Bitcoin
2025-03-02,2217.4,2550.58,2172.04,2518.11,1266684.7748,3001215557.603688,4977392,627527.3017,1488652979.402768,Ethereum
2025-03-03,94269.99,94416.46,85117.11,86220.61,59171.10218,5321123743.471923,9797860,27915.4365,2513464571.356911,Bitcoin
2025-03-03,2518.12,2523.56,2097.91,2149.01,1109565.2003,2529346005.909485,4969357,510488.2652,1161760907.053157,Ethereum
2025-03-04,86221.16,88967.52,81500.0,87281.98,55609.10706,4704901219.590436,10326631,27584.7159,2335087296.239287,Bitcoin
2025-03-04,2149.02,2221.88,1993.2,2171.51,1257822.3372,2634485208.259772,5856962,596181.03,1248910466.060303,Ethereum
2025-03-05,87281.98,91000.0,86334.53,90606.01,38264.01163,3400243670.304976,8070266,19230.28436,1709708737.4698937,Bitcoin
2025-03-05,2171.5,2273.51,2155.03,2241.59,687130.7897,1514537132.807393,3480893,326604.0072,720412253.0310271,Ethereum
2025-03-06,90606.0,92810.64,87836.0,89931.89,34342.44902,3105145628.3993998,7643526,17283.99411,1563426526.4289937,Bitcoin
2025-03-06,2241.59,2319.99,2176.9,2202.2,596908.3935,1343407922.359188,3304973,304201.8256,684721457.490546,Ethereum
2025-03-07,89931.88,91283.02,84667.03,86801.75,57980.35713,5097554826.613157,9510442,28394.41537,2497922400.4504447,Bitcoin
2025-03-07,2202.21,2258.47,2101.82,2141.6,782387.2606,1698459492.23933,4452265,384442.6282,834995037.361386,Ethereum
2025-03-08,86801.74,86897.25,85218.47,86222.45,12989.23054,1119358968.6520057,2553974,6491.56581,559581591.3470743,Bitcoin
2025-03-08,2141.6,2234.93,2105.06,2203.58,328793.0979,714743022.410347,2118806,165408.6608,359616114.815223,Ethereum
2025-03-09,86222.46,86500.0,80000.0,80734.37,26115.39345,2173552660.45448,5189138,12093.87232,1006299692.7104127,Bitcoin
2025-03-09,2203.57,2212.0,1989.66,2020.41,601671.5882,1249766628.544949,2791079,283406.499,589074622.734246,Ethereum
2025-03-10,80734.48,84123.46,77459.91,78595.86,47633.38405,3834924947.7581854,8701538,22898.57072,1846606255.3521488,Bitcoin
2025-03-10,2020.43,2152.4,1810.01,1865.1,1248745.3514,2461512870.7707767,5261040,617411.7094,1216440716.446106,Ethereum
2025-03-11,78595.86,83617.4,76606.0,82932.99,48770.06853,3927000827.110792,6983310,24029.1677,1935950413.20182,Bitcoin
2025-03-11,1865.11,1963.2,1754.28,1923.43,1171427.9995,2203451540.611388,4578427,576537.0793,1085290919.303633,Ethereum
2025-03-12,82932.99,84539.85,80607.65,83680.12,31933.986,2638600996.825396,5253577,15749.41702,1301890518.499408,Bitcoin
2025-03-12,1923.42,1960.0,1829.72,1908.2,788739.6763,1494384669.01818,3444921,399364.7041,756917595.001095,Ethereum
2025-03-13,83680.12,84336.33,79939.9,81115.78,27546.27412,2260870111.2393894,4367093,13013.18135,1067945431.1219468,Bitcoin
2025-03-13,1908.2,1923.09,1821.81,1864.59,569537.2622,1069629049.44307,2688683,276728.702,519941674.76874304,Ethereum
2025-03-14,81115.78,85309.71,80818.84,83983.2,26858.52755,2244729595.541172,3290987,14082.88688,1177807467.01818,Bitcoin
2025-03-14,1864.59,1945.64,1861.31,1911.65,375805.7355,718122712.753679,1728618,196808.7418,376032113.70590496,Ethereum
2025-03-15,83983.19,84676.28,83618.0,84338.44,11324.7332,953445671.8337504,1329670,5195.29128,437551330.253166,Bitcoin
2025-03-15,1911.64,1957.19,1903.75,1937.17,209545.8675,404571982.738394,884429,103183.2548,199258936.505655,Ethereum
2025-03-16,84338.44,85117.04,81981.12,82574.53,17596.12531,1468056556.296723,2767947,8505.95317,710037465.075748,Bitcoin
2025-03-16,1937.18,1940.87,1860.38,1887.0,324766.6564,616620264.891675,1466585,147750.6179,280566280.649476,Ethereum
2025-03-17,82574.52,84756.83,82456.0,84010.03,17214.74358,1437716814.046874,3014756,8387.89111,700505421.7877294,Bitcoin
2025-03-17,1887.01,1952.4,1879.98,1926.31,334840.4877,641484974.2783071,1566024,166794.9782,319499477.720785,Ethereum
2025-03-18,84010.02,84021.74,81134.66,82715.03,17610.89883,1450813055.479726,3126371,8047.23418,662808749.3427887,Bitcoin
2025-03-18,1926.3,1936.2,1872.31,1931.54,332896.0155,632109997.551311,1549810,156778.6707,297667875.793969,Ethereum
2025-03-19,82715.03,87000.0,82547.16,86845.94,28151.05374,2375813941.9437623,3774761,13804.24847,1166238970.2811463,Bitcoin
2025-03-19,1931.54,2069.9,1927.58,2056.06,691809.5034,1385193898.481618,2614680,338168.3696,677189954.2620311,Ethereum
2025-03-20,86845.93,87453.67,83655.23,84223.39,22090.30463,1885241921.155652,3252595,10163.59262,867440339.2962606,Bitcoin
2025-03-20,2056.05,2067.9,1952.17,1983.79,401518.9282,800851703.9375689,1885019,185718.3372,370117787.1314191,Ethereum
2025-03-21,84223.38,84850.33,83175.25,84088.79,11956.97443,1005135519.2560016,2360005,5466.41961,459501348.0817583,Bitcoin
2025-03-21,1983.79,1996.73,1937.1,1965.75,262641.659,516587945.858554,1470569,130673.0391,256964902.673041,Ethereum
2025-03-22,84088.79,84539.17,83625.1,83840.59,5420.22114,456235443.8016521,864481,2284.19178,192291026.7874248,Bitcoin
2025-03-22,1965.74,2006.61,1964.34,1980.69,170782.9574,339679365.319319,833146,83417.243,165949750.564435,Ethereum
2025-03-23,83840.59,86129.64,83809.75,86082.5,8461.97813,718692319.1499039,1206533,4424.81013,376007261.5213597,Bitcoin
2025-03-23,1980.68,2020.74,1976.81,2005.99,268707.5233,537810044.752251,973880,141545.4057,283218620.576171,Ethereum
2025-03-24,86082.5,88765.43,85519.09,87498.16,30115.62111,2636765917.951844,2916713,14379.95578,1258638667.112904,Bitcoin
2025-03-24,2005.99,2104.11,1977.67,2081.2,477912.8154,985984215.594533,1804046,241987.6758,499157615.491606,Ethereum
2025-03-25,87498.16,88539.63,86310.0,87392.87,22643.25248,1979571590.8982933,2802815,9440.56294,825308072.6337814,Bitcoin
2025-03-25,2081.2,2097.7,2037.08,2066.15,328765.3292,678919919.780749,1398034,144848.2928,299282311.765827,Ethereum
2025-03-26,87392.88,88275.0,85860.0,86909.17,18408.78485,1606406955.5864632,2380154,8590.97753,749604853.2968135,Bitcoin
2025-03-26,2066.16,2079.21,1981.6,2009.52,428975.3286,872757205.466645,1468474,181445.0723,369125581.32051104,Ethereum
2025-03-27,86909.17,87756.39,85800.0,87232.01,17098.03897,1487968807.7079022,2376381,8185.05517,712324893.2889168,Bitcoin
2025-03-27,2009.52,2037.38,1987.06,2003.66,360634.8383,726385594.534751,1394730,154040.2327,310291637.030968,Ethereum
2025-03-28,87232.01,87515.67,83585.0,84424.38,27182.73169,2309946560.664113,3236085,11274.83736,958523321.8112732,Bitcoin
2025-03-28,2003.67,2015.93,1860.0,1896.9,626167.5832,1197329354.058415,2245087,307332.2769,587606938.5845151,Ethereum
2025-03-29,84424.38,84624.73,81644.81,82648.54,11696.39864,970199917.9868716,2172387,5621.60485,466215575.48490685,Bitcoin
2025-03-29,1896.9,1913.6,1797.2,1828.08,409769.7555,758545295.8717791,1755638,199201.1398,368752720.356886,Ethereum
2025-03-30,82648.53,83534.64,81565.0,82389.99,9864.49508,816584795.5288126,1907663,4725.07105,391214080.11011606,Bitcoin
2025-03-30,1828.09,1849.01,1767.69,1807.74,327843.4476,595676639.883548,1523210,164123.1476,298224370.054843,Ethereum
2025-03-31,82390.0,83943.08,81278.52,82550.01,20569.13885,1696009191.0809648,3964358,9912.88184,817875871.1107411,Bitcoin
2025-03-31,1807.74,1854.22,1776.75,1822.43,497854.9052,904456573.0104152,2283021,248408.7865,451323627.204578,Ethereum
2025-04-01,82550.0,85579.46,82432.74,85158.34,20190.39697,1698895702.5754683,3328693,10246.42648,862302772.4330863,Bitcoin
2025-04-01,1822.43,1927.9,1817.88,1904.98,452989.0974,851190042.273377,2141608,227293.9134,427068696.66992,Ethereum
2025-04-02,85158.35,88500.0,82320.0,82516.29,39931.457,3417279759.830764,5338238,20739.67809,1777735583.840748,Bitcoin
2025-04-02,1904.98,1957.0,1781.53,1795.22,750840.7823,1411539014.562126,3408080,364479.3767,685797603.6286111,Ethereum
2025-04-03,82516.28,83998.02,81211.24,83213.09,27337.84135,2259299724.8643928,4117486,13951.52792,1153439398.6198013,Bitcoin
2025-04-03,1795.21,1845.26,1750.0,1817.23,508075.018,912214691.840036,2579520,253462.4464,455404696.427552,Ethereum
2025-04-04,83213.09,84720.0,81659.0,83889.87,32915.53976,2739842666.426737,4992586,15896.18779,1323832046.264688,Bitcoin
2025-04-04,1817.23,1835.68,1758.72,1816.87,572734.4702,1030518559.141754,2647730,277397.8197,499272616.79746896,Ethereum
2025-04-05,83889.87,84266.0,82379.95,83537.99,9360.40468,779626577.9013437,1575750,4029.64658,335654613.7277184,Bitcoin
2025-04-05,1816.88,1827.29,1764.39,1806.01,201716.2696,362822603.997079,861593,96425.6245,173484839.307568,Ethereum
2025-04-06,83537.99,83817.63,77153.83,78430.0,27942.71436,2239085051.1529646,3948493,12493.8449,1001459573.494466,Bitcoin
2025-04-06,1806.02,1817.0,1537.5,1580.76,979847.0958,1621420911.803542,3251935,453768.9316,751319408.63196,Ethereum
2025-04-07,78430.0,81243.58,74508.0,79163.24,78387.53089,6084614024.150647,9736596,39075.84274,3034375055.6843963,Bitcoin
2025-04-07,1580.77,1639.0,1411.01,1553.04,2168796.0067,3314200223.327178,5723226,1076060.067,1645270461.504365,Ethereum
2025-04-08,79163.24,80867.99,76239.9,76322.42,35317.32063,2775277777.102461,5512751,15704.73031,1235370767.1153505,Bitcoin
2025-04-08,1553.04,1618.67,1441.3,1473.41,891846.1327,1361139288.977932,3369669,449628.1417,686762120.765776,Ethereum
2025-04-09,76322.42,83588.0,74620.0,82615.22,75488.28772,5980231256.222496,7741252,39491.62958,3137004042.959261,Bitcoin
2025-04-09,1473.41,1689.0,1385.05,1669.51,1968530.9138,2995077137.626647,4723847,990740.8363,1508747907.727771,Ethereum
2025-04-10,82615.22,82753.21,78464.36,79607.3,33284.80718,2690294353.847842,4529545,16339.9191,1321475356.0200849,Bitcoin
2025-04-10,1669.51,1669.85,1471.02,1522.25,911855.3934,1425649915.894919,3007121,454828.2592,711164539.487151,Ethereum
2025-04-11,79607.3,84300.0,78969.58,83423.84,34435.43797,2830363945.1787524,4423157,18019.58367,1482515278.9177043,Bitcoin
2025-04-11,1522.24,1591.47,1504.63,1566.85,578484.3183,901210974.608363,2547292,305707.1748,476514872.298804,Ethereum
2025-04-12,83423.83,85905.0,82792.95,85276.9,18470.74437,1557403252.9267516,2501196,9526.72644,803747272.783468,Bitcoin
2025-04-12,1566.85,1669.59,1546.06,1644.18,501867.9033,813176435.313973,2177800,266899.4092,432987094.823904,Ethereum
2025-04-13,85276.91,86100.0,83034.23,83760.0,24680.04181,2086106375.439256,3275879,11658.67909,986303246.0931836,Bitcoin
2025-04-13,1644.19,1649.75,1562.01,1597.76,580136.6145,931598664.2918552,2597350,281372.538,452135764.61108303,Ethereum
2025-04-14,83760.0,85799.99,83678.0,84591.58,28659.09348,2429132805.0815287,3921522,15196.58929,1288815999.1406171,Bitcoin
2025-04-14,1597.76,1691.5,1595.56,1623.77,645930.1419,1062426756.849636,2975844,332185.1295,546536662.981744,Ethereum
2025-04-15,84591.58,86496.42,83600.0,83643.99,20910.99528,1780972414.3956008,2910533,10439.36072,889895753.1673651,Bitcoin
2025-04-15,1623.78,1661.21,1583.12,1588.78,476178.8915,774210116.7106249,2283302,232389.8503,377978352.55460703,Ethereum
2025-04-16,83643.99,85500.0,83111.64,84030.38,20867.24519,1753910031.2009242,3264730,10456.769,878939829.4848368,Bitcoin
2025-04-16,1588.77,1613.66,1538.07,1577.14,611387.8686,965271509.893183,2645419,311107.7903,491272640.364742,Ethereum
2025-04-17,84030.38,85470.01,83736.26,84947.91,13728.84772,1161659427.386263,2003405,6424.41565,543726754.4187016,Bitcoin
2025-04-17,1577.15,1616.96,1563.2,1583.62,449870.3628,716711483.143345,1871114,226961.4241,361610704.8212311,Ethereum
2025-04-18,84947.92,85132.08,84303.96,84474.69,6529.96315,552648483.6474872,840009,2911.78856,246467088.2621466,Bitcoin
2025-04-18,1583.63,1600.64,1573.54,1588.6,200409.0359,317931022.839473,889028,99073.5374,157166748.966902,Ethereum
2025-04-19,84474.7,85677.99,84364.45,85077.01,9666.58153,823222752.2842493,875226,5416.30087,461342923.999082,Bitcoin
2025-04-19,1588.6,1631.81,1585.01,1613.27,223096.3899,358254845.712294,1762563,119856.3027,192451022.067047,Ethereum
2025-04-20,85077.0,85320.76,83949.52,85179.24,8091.67725,685253644.8918362,944130,3843.48314,325482835.7378329,Bitcoin
2025-04-20,1613.26,1619.19,1565.59,1587.36,276052.2306,438377495.975152,1913811,138393.3947,219774032.482756,Ethereum
2025-04-21,85179.24,88465.99,85144.76,87516.23,31773.37262,2773299591.467066,3041395,17216.39877,1502705225.134135,Bitcoin
2025-04-21,1587.36,1658.75,1564.07,1579.57,691486.6667,1117358203.868595,4257816,349723.7779,565324291.159292,Ethereum
2025-04-22,87516.22,93888.0,87076.03,93442.99,43872.74705,3967785064.1281695,3268475,22777.77047,2062639579.2030847,Bitcoin
2025-04-22,1579.57,1778.0,1537.26,1756.26,1103036.9586,1833852783.080129,3841594,570956.5969,949980453.538352,Ethereum
2025-04-23,93442.99,94696.05,91935.41,93691.08,27404.16808,2560279933.947952,3016536,13128.05774,1226992558.5765462,Bitcoin
2025-04-23,1756.25,1834.86,1744.95,1795.07,887545.6316,1590311895.515477,3346263,465865.2367,834633411.499644,Ethereum
2025-04-24,93691.07,94005.0,91660.01,93980.47,19497.06071,1811120137.314679,2797383,8565.18128,795787487.3608981,Bitcoin
2025-04-24,1795.08,1802.82,1722.9,1769.65,483465.0385,851507192.04646,2225460,228156.9812,401904077.51987696,Ethereum
2025-04-25,93980.47,95758.04,92855.96,94638.68,27500.66648,2596877713.640173,3331828,13072.22136,1234153095.7292683,Bitcoin
2025-04-25,1769.64,1827.32,1738.6,1784.6,595610.8894,1063192910.339053,2516748,310119.5698,553732398.650821,Ethereum
2025-04-26,94638.68,95199.0,93870.69,94628.0,9415.06875,889627361.8414446,1475983,4156.22463,392757114.438358,Bitcoin
2025-04-26,1784.6,1841.16,1778.94,1820.88,355068.0442,640645562.865216,1907298,184308.0796,332672166.455174,Ethereum
2025-04-27,94628.0,95369.0,93602.58,93749.3,11162.841,1052334792.1866188,1918160,5250.08719,495112239.1081697,Bitcoin
2025-04-27,1820.87,1857.47,1781.9,1791.29,340332.6435,616122293.308254,2405764,164744.7128,298455924.453593,Ethereum
2025-04-28,93749.29,95630.0,92800.01,95011.18,22157.53351,2092532996.555172,3424740,11626.77592,1098667305.239998,Bitcoin
2025-04-28,1791.29,1827.98,1744.71,1799.88,587269.743,1049690759.152374,2980656,282424.4021,504906960.405928,Ethereum
2025-04-29,95011.18,95461.53,93742.54,94256.82,16955.3402,1607154803.4675477,3020875,7112.68469,674688527.813066,Bitcoin
2025-04-29,1799.88,1842.99,1780.47,1797.81,480456.3884,871685371.749142,2590967,247137.1213,448518545.9332711,Ethereum
2025-04-30,94256.82,95228.45,92910.0,94172.0,17661.2751,1664825670.9831252,3214149,8393.2162,791272380.0312446,Bitcoin
2025-04-30,1797.81,1816.8,1731.7,1793.61,473523.9877,843558998.326332,2468998,224863.7757,400751136.05107903,Ethereum
2025-05-01,94172.0,97424.02,94130.43,96489.91,21380.45343,2053857614.2732675,2925716,10925.87308,1049157198.8587636,Bitcoin
2025-05-01,1793.62,1873.17,1792.52,1838.11,537198.7291,988206595.824892,2398765,284534.1382,523485516.25783294,Ethereum
2025-05-02,96489.9,97895.68,96350.0,96887.14,14905.74811,1446387651.5840576,2698263,7440.33531,722022817.2246199,Bitcoin
2025-05-02,1838.1,1871.0,1813.0,1842.2,410667.875,755324594.318921,2062923,214203.7089,394103918.03934497,Ethereum
2025-05-03,96887.13,96935.67,95753.01,95856.42,9723.34838,935906144.9651498,1181239,3929.4049,378271292.4443145,Bitcoin
2025-05-03,1842.2,1848.6,1810.0,1833.52,213751.5979,391267436.33205694,1135719,102337.2203,187310371.211181,Ethereum
2025-05-04,95856.42,96304.48,94151.38,94277.62,11036.38342,1053542403.8531588,1674726,4385.33486,418573470.8569623,Bitcoin
2025-05-04,1833.52,1849.95,1803.0,1808.86,238254.3564,435999576.565349,1443996,115191.4115,210878994.455424,Ethereum
2025-05-05,94277.61,95199.0,93514.1,94733.68,17251.18189,1626999380.1759968,2623300,8399.64855,792299650.3395202,Bitcoin
2025-05-05,1808.86,1833.55,1781.85,1820.19,342341.0078,619310042.705,1961255,174628.629,315946281.030022,Ethereum
2025-05-06,94733.68,96920.65,93377.0,96834.02,16122.64513,1526847764.5636685,2512960,7505.95734,711372483.6117135,Bitcoin
2025-05-06,1820.19,1820.9,1752.0,1817.0,384584.2451,687049952.313885,2333041,187697.5461,335412217.286639,Ethereum
2025-05-07,96834.02,97732.0,95784.61,97030.5,16644.83854,1611730124.5924544,2849139,8316.74471,805430612.4055353,Bitcoin
2025-05-07,1817.0,1850.0,1787.01,1811.11,456170.0705,831394497.734043,2408512,237181.4755,432215626.27634495,Ethereum
2025-05-08,97030.5,104145.76,96876.29,103261.6,34962.02847,3508645830.5650144,4991147,18547.23009,1861334478.364427,Bitcoin
2025-05-08,1811.11,2226.0,1808.71,2207.39,1473152.686,2976074419.3235407,5616063,774940.4643,1564609175.673035,Ethereum
2025-05-09,103261.61,104361.3,102315.14,102971.99,27617.39907,2847518447.981513,4406929,14525.20381,1497826622.326188,Bitcoin
2025-05-09,2207.39,2490.77,2184.33,2345.04,1667041.0382,3881949928.351723,6885286,816968.732,1901989668.6770115,Ethereum
2025-05-10,102971.99,104984.57,102818.76,104809.53,15324.78611,1588386278.502415,2227845,8258.23478,856095289.5216646,Bitcoin
2025-05-10,2345.04,2600.0,2317.0,2583.23,979350.1606,2393510879.665205,4862978,508011.2632,1242333639.703975,Ethereum
2025-05-11,104809.53,104972.0,103345.06,104118.0,17987.12197,1873381777.2124248,3100176,9071.95578,944903285.107308,Bitcoin
2025-05-11,2583.22,2608.13,2435.51,2514.57,831584.3888,2087255708.689512,4340859,402700.0972,1010999635.269731,Ethereum
2025-05-12,104118.0,105819.45,100718.37,102791.32,31272.77792,3242348937.383069,5298407,16455.99797,1707457796.5881395,Bitcoin
2025-05-12,2514.58,2624.0,2406.63,2495.47,1068680.9433,2694150708.6427608,5441783,534397.3204,1347640836.766131,Ethereum
2025-05-13,102791.32,104976.25,101429.7,104103.72,21253.42409,2197244118.1523666,3703531,10705.97845,1106609664.707795,Bitcoin
2025-05-13,2495.48,2738.5,2415.3,2679.71,1031355.6465,2653880363.305381,4666012,569632.7662,1468803335.988289,Ethereum
2025-05-14,104103.72,104356.95,102602.05,103507.82,16452.9081,1704708279.3884108,3025221,8026.03333,831783471.654361,Bitcoin
2025-05-14,2679.71,2725.99,2547.26,2609.74,830047.1122,2183890526.340228,4181188,413256.8419,1088633834.584732,Ethereum
2025-05-15,103507.83,104192.7,101383.07,103763.71,17998.98604,1850183474.529204,4139477,8475.18036,871244345.564136,Bitcoin
2025-05-15,2609.75,2647.03,2476.03,2548.69,768954.0332,1963827790.236602,4305508,396304.5157,1012773316.797603,Ethereum
2025-05-16,103763.71,104550.33,103100.49,103463.9,15683.88024,1628832372.324148,3237442,7555.15801,784850382.1942747,Bitcoin
2025-05-16,2548.7,2649.31,2529.4,2537.12,605953.6919,1568128704.046345,3310498,323624.7041,837990689.5669379,Ethereum
2025-05-17,103463.9,103709.86,102612.5,103126.65,11250.89622,1160418362.950618,2568597,5335.11525,550379728.7338501,Bitcoin
2025-05-17,2537.13,2538.16,2446.42,2475.08,494333.2782,1227578098.31878,2950197,227882.8455,566013389.009042,Ethereum
2025-05-18,103126.65,106660.0,103105.09,106454.26,21599.98726,2262214972.0749383,3193300,11664.89904,1221914552.0552013,Bitcoin
2025-05-18,2475.09,2587.61,2323.21,2497.78,810103.1851,2001441345.4342968,3416878,400896.368,990832542.382129,Ethereum
2025-05-19,106454.27,107108.62,102000.0,105573.74,30260.03524,3150324504.595452,4881371,14208.309,1480452895.0841565,Bitcoin
2025-05-19,2497.78,2547.36,2348.38,2528.14,861747.523,2109843607.573324,4757453,431712.8465,1057907975.585551,Ethereum
2025-05-20,105573.73,107320.0,104184.72,106849.99,23705.48275,2509102444.6695986,3878351,12350.46275,1307273652.3895233,Bitcoin
2025-05-20,2528.14,2588.63,2442.4,2524.19,676989.1747,1703522806.130449,3816684,338210.0092,851893459.669116,Ethereum
2025-05-21,106850.0,110797.38,106100.01,109643.99,45531.040345,4914709514.320026,6835279,23661.649395,2555528481.098726,Bitcoin
2025-05-21,2524.19,2615.95,2452.2,2550.99,1095890.2902,2780015740.832861,5568312,550624.5604,1397549396.349744,Ethereum
2025-05-22,109643.99,111980.0,109177.37,111696.21,31630.77313,3509432834.573417,5794216,16584.56293,1840083098.5827856,Bitcoin
2025-05-22,2551.0,2692.99,2544.83,2664.82,852555.6669,2246807632.745271,5196535,448569.1098,1182067855.833156,Ethereum
2025-05-23,111696.22,111800.0,106800.0,107318.3,31737.72309,3469704446.3904047,5251192,14309.31652,1565622441.187517,Bitcoin
2025-05-23,2664.83,2734.23,2498.3,2526.5,971442.4532,2537338702.615742,5450420,473528.1684,1237163443.755829,Ethereum
2025-05-24,107318.3,109506.03,106875.41,107761.91,16782.53129,1819958819.7748585,2805418,8786.90747,953683093.321657,Bitcoin
2025-05-24,2526.49,2575.85,2515.08,2530.4,257544.2344,656038924.220513,2090724,128007.8604,326091787.487667,Ethereum
2025-05-25,107761.9,109299.99,106600.64,109004.19,17710.04695,1904366455.425858,3151168,7867.16712,846688135.0097136,Bitcoin
2025-05-25,2530.41,2554.26,2463.0,2551.22,359890.0299,901956598.724874,2556052,170482.1859,427565947.98883694,Ethereum
2025-05-26,109004.2,110422.22,108670.58,109434.79,14649.11593,1605578282.1079032,2887863,7301.11288,800269021.1922797,Bitcoin
2025-05-26,2551.22,2599.0,2525.86,2563.7,362971.1182,929347758.924527,2374458,175269.0596,448860267.78344494,Ethereum
2025-05-27,109434.78,110718.0,107516.57,108938.17,21276.65635,2327603851.1192646,3735509,9969.89271,1090553624.461599,Bitcoin
2025-05-27,2563.7,2712.36,2509.46,2660.81,798430.8862,2101748442.5248728,4017588,412557.6256,1085725214.202044,Ethereum
2025-05-28,108938.17,109284.7,106769.43,107781.78,15633.78829,1689136748.5130312,2933262,6877.27341,743282966.7207197,Bitcoin
2025-05-28,2660.81,2689.14,2608.5,2681.6,560095.6833,1480645502.351484,3160462,273261.3831,722627732.7578701,Ethereum
2025-05-29,107781.78,108891.91,105322.86,105589.75,19834.70116,2128639017.5081613,3774926,9457.49356,1015173771.5489898,Bitcoin
2025-05-29,2681.61,2788.0,2619.05,2631.39,811567.2545,2189640513.339573,4254669,405459.3733,1094147671.84856,Ethereum
2025-05-30,105589.75,106313.12,103621.0,103985.48,23706.49799,2493078549.591861,4307572,11070.98746,1164158558.6435854,Bitcoin
2025-05-30,2631.39,2649.23,2507.35,2531.34,763045.2564,1976177953.879442,4624552,376566.6772,975743608.339547,Ethereum
2025-05-31,103985.47,104900.0,103068.55,104591.88,11289.35922,1174000801.507038,2343787,5278.95175,548980630.8493577,Bitcoin
2025-05-31,2531.35,2550.34,2475.33,2528.06,394537.2521,994330383.170508,2792146,197180.2806,497000872.32481104,Ethereum
2025-06-01,104591.88,105866.91,103752.49,105642.93,9709.70006,1016188486.9505996,1939359,4640.3507,485683466.9347843,Bitcoin
2025-06-01,2528.06,2547.79,2468.56,2539.21,332021.7088,834842712.2775409,2210246,165557.314,416473007.5078511,Ethereum
2025-06-02,105642.93,105935.63,103659.88,105857.99,13453.98813,1409004206.9863732,2997656,6494.65497,680177826.6144172,Bitcoin
2025-06-02,2539.2,2615.0,2475.0,2607.41,468889.9737,1184963591.471666,3239230,232758.6658,588585524.428128,Ethereum
2025-06-03,105858.0,106794.67,104872.5,105376.89,13259.52634,1402493746.5993218,2470698,6260.22436,662160926.8241225,Bitcoin
2025-06-03,2607.42,2655.38,2575.0,2593.36,454383.0439,1188862077.100825,3098351,228172.36,597147462.454556,Ethereum
2025-06-04,105376.9,106000.0,104179.0,104696.86,14034.89482,1476928482.368878,2274464,6979.9491,734803757.4185839,Bitcoin
2025-06-04,2593.35,2679.88,2583.5,2607.68,502494.8214,1321537606.684948,2754319,260366.5898,685080028.877307,Ethereum
2025-06-05,104696.86,105909.71,100372.26,101508.68,22321.50154,2301567892.5305448,3963295,10005.36019,1031668517.0427113,Bitcoin
2025-06-05,2607.68,2640.86,2391.66,2414.01,808938.0344,2047572739.901186,4181206,378086.6913,958339246.4607272,Ethereum
2025-06-06,101508.69,105333.0,101095.8,104288.44,15839.07385,1642382404.9355752,2709327,7655.60679,793575821.4357933,Bitcoin
2025-06-06,2414.02,2531.36,2381.49,2476.1,578843.4974,1428256037.775954,3246760,290586.021,717257126.5020311,Ethereum
2025-06-07,104288.43,105900.0,103871.09,105552.15,8344.93206,877915380.954823,1402494,3970.01912,417664199.1912712,Bitcoin
2025-06-07,2476.1,2544.36,2457.0,2524.63,264787.6743,662320802.305284,1587509,135613.3419,339037471.977697,Ethereum
2025-06-08,105552.15,106488.14,104964.14,105734.0,8048.06305,850887129.4282976,1295154,4361.42266,461098506.088324,Bitcoin
2025-06-08,2524.64,2548.63,2490.58,2509.83,266474.7139,670516749.0596551,1401175,135061.7873,339794332.050441,Ethereum
2025-06-09,105734.01,110530.17,105318.37,110263.02,19975.37451,2154922022.221173,2839846,10623.88217,1146790065.5135615,Bitcoin
2025-06-09,2509.84,2693.99,2477.73,2680.13,568726.3025,1458505754.33474,2896758,303579.9958,779517686.5498569,Ethereum
2025-06-10,110263.02,110400.0,108331.03,110274.39,17071.82839,1867620550.1921728,3003420,8009.29581,876411274.3969488,Bitcoin
2025-06-10,2680.13,2827.0,2655.61,2816.4,1138405.4775,3115655145.472068,5277581,605348.556,1656990975.326069,Ethereum
2025-06-11,110274.39,110392.01,108064.0,108645.12,13115.91638,1434884639.7506304,2667014,6030.96867,659947218.0033869,Bitcoin
2025-06-11,2816.41,2879.22,2743.75,2771.61,850210.9324,2388186204.977766,4906906,410413.9413,1153264237.421366,Ethereum
2025-06-12,108645.13,108813.55,105671.72,105671.73,17778.67218,1908309274.0868344,3517420,8291.22648,890420511.4704415,Bitcoin
2025-06-12,2771.6,2784.83,2616.24,2642.65,699593.3757,1905633561.097528,4172997,343802.7294,937069085.599158,Ethereum
2025-06-13,105671.74,106179.53,102664.31,106066.59,26180.81734,2735461890.6929703,5452577,12793.70705,1337300355.9952192,Bitcoin
2025-06-13,2642.66,2645.45,2436.98,2579.19,1202176.2972,3033896895.562154,6026303,570084.1354,1438866069.089298,Ethereum
2025-06-14,106066.59,106252.0,104300.0,105414.64,8798.93969,925568614.1784064,1521776,3848.55498,405001275.9262716,Bitcoin
2025-06-14,2579.19,2579.43,2488.72,2530.76,331438.9278,838399986.4601071,1988958,155289.4372,393033307.094926,Ethereum
2025-06-15,105414.63,106128.57,104494.53,105594.01,7164.20047,754596887.8748003,1564768,3356.46912,353608577.6853774,Bitcoin
2025-06-15,2530.77,2559.51,2492.0,2547.61,299701.6624,758742736.7676231,1846489,153252.4073,388090718.363716,Ethereum
2025-06-16,105594.02,108952.38,104980.37,106794.53,14922.6654,1599849840.7325244,2928998,7442.34921,797865030.1366178,Bitcoin
2025-06-16,2547.62,2680.34,2514.85,2544.17,680429.988,1774646762.471706,3434185,348962.3301,910684719.14748,Ethereum
2025-06-17,106794.53,107771.34,103371.02,104551.17,17866.33025,1883173484.8991,3723010,8082.6529,852365443.211356,Bitcoin
2025-06-17,2544.17,2618.6,2453.8,2509.95,715930.4081,1815306987.093816,4017130,359536.2104,912037726.6654792,Ethereum
2025-06-18,104551.17,105550.27,103500.0,104886.78,13968.64167,1461383024.362209,3468170,6656.31474,696386846.6904296,Bitcoin
2025-06-18,2509.95,2548.42,2465.78,2525.0,504532.1818,1266177014.470926,3243812,250381.7951,628614334.113376,Ethereum
2025-06-19,104886.79,105226.17,103929.27,104658.59,7678.60737,803402575.962045,1718045,3583.19736,374871407.4107335,Bitcoin
2025-06-19,2525.0,2546.91,2485.03,2521.12,252646.059,636251233.0103929,1667327,122131.8125,307645921.480362,Ethereum
2025-06-20,104658.59,106524.65,102345.0,103297.99,16419.06283,1714411911.0114017,3029404,7113.97039,743649283.0800211,Bitcoin
2025-06-20,2521.13,2569.0,2367.36,2406.49,632027.8235,1559837109.182709,3175602,283785.5071,700887886.0366,Ethereum
2025-06-21,103297.98,103982.64,100837.9,102120.01,11154.21332,1144829784.7306418,2172578,4632.93703,475270667.42267615,Bitcoin
2025-06-21,2406.49,2448.8,2216.0,2295.73,496783.864,1167664698.578644,2825558,223536.0109,525577801.093422,Ethereum
2025-06-22,102120.02,103399.62,98200.0,100963.87,28746.41072,2892695407.808688,5121309,13142.02965,1322387353.31664,Bitcoin
2025-06-22,2295.72,2314.48,2111.89,2227.7,840155.8295,1865382440.303028,5203723,410219.4606,910717903.71948,Ethereum
2025-06-23,100963.87,106074.2,99613.33,105333.93,27666.50609,2836166831.044449,4944207,13408.20163,1375654853.258466,Bitcoin
2025-06-23,2227.7,2438.68,2188.0,2411.66,744583.8003,1707539521.027113,4477307,367124.3462,842382247.3632659,Ethereum
2025-06-24,105333.94,106290.0,104622.02,106083.0,14651.69335,1543451113.4563613,2973481,6848.32158,721631005.2893264,Bitcoin
2025-06-24,2411.66,2482.04,2376.11,2448.45,516760.6621,1252322606.094842,3133356,255502.6802,619378004.307767,Ethereum
2025-06-25,106083.0,108135.3,105808.03,107340.58,16701.15551,1789545470.94629,2988892,8576.13709,919352853.806412,Bitcoin
2025-06-25,2448.46,2468.69,2389.69,2418.49,414894.7387,1007574107.706431,2776920,206517.9982,501745009.719739,Ethereum
2025-06-26,107340.59,108272.45,106562.5,106947.06,10573.27279,1136093974.6816013,2597742,4983.08998,535471528.1944927,Bitcoin
2025-06-26,2418.5,2520.92,2394.32,2415.96,463704.0261,1138310757.584065,2978926,234924.0215,577384294.658558,Ethereum
2025-06-27,106947.06,107735.34,106356.76,107047.59,12232.44042,1308420348.9100096,2304499,4862.2801,520251258.3787664,Bitcoin
2025-06-27,2415.96,2463.54,2382.53,2423.17,381474.766,927024811.54842,2112477,163666.228,397737067.6886271,Ethereum
2025-06-28,107047.58,107577.75,106811.51,107296.79,3282.17352,352025390.60311353,653305,1514.41959,162441164.0132396,Bitcoin
2025-06-28,2423.17,2447.8,2405.81,2435.62,155814.9859,378310903.948948,855656,75110.0135,182401886.244142,Ethereum
2025-06-29,107296.79,108528.5,107172.52,108356.93,6831.7364,736708189.9495683,1223202,3771.10895,406653127.0920804,Bitcoin
2025-06-29,2435.62,2525.0,2412.0,2500.09,284291.8057,700329421.976834,1370707,147274.8033,363091989.66193295,Ethereum
2025-06-30,108356.93,108789.99,106733.33,107146.5,9754.12491,1050407152.345058,1773485,4331.3813,466474537.7882122,Bitcoin
2025-06-30,2500.09,2524.3,2431.0,2485.47,440455.714,1093515997.924797,2333352,224857.1016,558417620.2177631,Ethereum
2025-07-01,107146.51,107540.0,105250.85,105681.14,10505.62437,1117432945.8926363,2013289,4648.91727,494549276.18377846,Bitcoin
2025-07-01,2485.47,2500.8,2386.52,2405.01,351951.0868,858543228.334264,1978858,158891.8622,387699992.1451,Ethereum
2025-07-02,105681.13,109730.0,105100.19,108849.6,17691.89592,1915699005.8772893,2444708,9248.43029,1002261738.2088752,Bitcoin
2025-07-02,2405.01,2619.28,2373.0,2570.41,634967.0337,1599878809.253887,2717139,323198.0206,814743086.674377,Ethereum
2025-07-03,108849.59,110529.18,108530.4,109584.78,13047.08225,1429459048.638326,2568944,6961.89686,763022147.911677,Bitcoin
2025-07-03,2570.41,2635.5,2556.12,2591.25,504943.6592,1308429372.972785,2506227,261017.406,676592013.259716,Ethereum
2025-07-04,109584.77,109767.59,107245.0,107984.24,11793.86615,1276215111.6683652,1975212,4787.79822,518313226.966756,Bitcoin
2025-07-04,2591.26,2603.17,2474.24,2508.04,452593.02,1142275937.968202,1980591,198158.5551,500628761.729327,Ethereum
2025-07-05,107984.25,108420.56,107756.31,108198.12,3736.9757,403928702.1967476,710020,1803.68528,194976807.36330116,Bitcoin
2025-07-05,2508.04,2529.81,2487.95,2516.41,157198.0958,394906375.017766,911950,79575.3002,199902327.125929,Ethereum
2025-07-06,108198.12,109700.0,107800.01,109203.84,6447.607,700733299.51122,1256591,3209.35902,348780644.233174,Bitcoin
2025-07-06,2516.42,2605.0,2503.5,2570.35,277593.6319,707971625.070802,1375995,138516.8522,353423928.298894,Ethereum
2025-07-07,109203.85,109700.0,107513.2,108262.94,9405.37601,1020848316.053704,1961940,3920.92229,425664101.8022387,Bitcoin
2025-07-07,2570.35,2590.57,2512.0,2542.29,315707.5272,805370144.473485,1985043,155551.5678,396828929.46014494,Ethereum
2025-07-08,108262.94,109216.56,107429.57,108922.98,9216.0208,1000112813.4398944,1723244,4371.98866,474674358.9974899,Bitcoin
2025-07-08,2542.3,2628.21,2523.59,2615.25,370915.7321,957180096.783727,1899797,193484.7421,499495444.93014896,Ethereum
2025-07-09,108922.99,111999.79,108324.53,111233.99,17282.2865,1902054744.194924,2328484,8935.70327,983405508.7482138,Bitcoin
2025-07-09,2615.25,2795.74,2589.78,2768.74,686119.3772,1844561572.9065995,2997546,357355.9972,961263657.537834,Ethereum
2025-07-10,111234.0,116868.0,110500.0,116010.0,24883.450665,2826460280.445224,3227017,12900.135467,1465777460.9410756,Bitcoin
2025-07-10,2768.74,3000.0,2755.5,2951.29,951896.07,2707997922.265638,4235042,489489.5943,1391543272.394588,Ethereum
2025-07-11,116010.01,118869.98,115222.22,117527.66,25873.521148,3039521803.027247,3708194,12502.931168,1468374333.9502125,Bitcoin
2025-07-11,2951.29,3040.15,2913.75,2958.22,906839.1689,2704484897.471723,4434934,446642.8472,1332154807.314855,Ethereum
2025-07-12,117527.66,118200.0,116900.05,117420.0,8446.60437,993093353.4068904,1441851,3784.55219,444996040.90597874,Bitcoin
2025-07-12,2958.21,2979.78,2903.85,2943.28,348884.8877,1027324169.831482,1690700,169290.3063,498560502.191284,Ethereum
2025-07-13,117420.0,119488.0,117224.79,119086.64,9550.792947,1132096857.0116916,1650283,4766.474307,565024389.3723919,Bitcoin
2025-07-13,2943.29,3020.31,2936.49,2972.03,357333.5016,1063507989.977405,1778200,181359.7935,539737375.12212,Ethereum
2025-07-14,119086.65,123218.0,118905.18,119841.18,27269.348877,3299746181.077073,4076133,14099.580747,1705505292.664724,Bitcoin
2025-07-14,2972.03,3083.0,2962.81,3013.62,815552.6496,2470137078.017986,3706161,386886.2252,1172067555.150503,Ethereum
2025-07-15,119841.17,119940.83,115736.92,117758.09,32018.46083,3755258445.553272,3805374,15667.30508,1837578524.9238648,Bitcoin
2025-07-15,3013.61,3144.14,2932.46,3137.89,863583.7377,2610352115.953149,4317422,452826.4011,1369794578.661733,Ethereum
2025-07-16,117758.08,120063.84,117017.29,118630.43,17039.90851,2023850383.723488,2429625,8355.96881,992430971.3675904,Bitcoin
2025-07-16,3137.9,3425.0,3101.0,3371.35,1135950.5831,3699155067.268267,4381562,586498.6429,1907885299.313174,Ethereum
2025-07-17,118630.44,120998.71,117453.57,119177.56,15728.57651,1869114355.1231644,2347985,7696.17927,914659207.5744278,Bitcoin
2025-07-17,3371.35,3523.44,3310.77,3476.87,974065.8264,3331779733.255004,5025581,483988.5692,1656122659.302883,Ethereum
2025-07-18,119177.56,120820.71,116812.76,117924.84,19924.66266,2367355518.470308,2805236,8951.37863,1063782057.4785626,Bitcoin
2025-07-18,3476.88,3673.84,3458.68,3546.92,1163823.3977,4180688128.221824,5566028,568849.4755,2043472787.034766,Ethereum
2025-07-19,117924.84,118499.9,117277.34,117840.0,6635.80306,783327898.4969696,1133382,2978.3832,351626384.05029035,Bitcoin
2025-07-19,3546.92,3608.3,3506.79,3592.01,381791.9213,1360031951.337076,2217328,178344.0076,635470858.679646,Ethereum
2025-07-20,117840.01,118856.8,116467.02,117265.12,12962.92889,1528864683.816082,1615935,6581.33371,776457462.9818255,Bitcoin
2025-07-20,3592.0,3824.56,3579.13,3756.69,852356.5533,3170505338.400095,3794627,443544.9313,1649205513.376342,Ethereum
2025-07-21,117265.11,119676.73,116515.0,117380.36,17107.33128,2020783266.9633648,2509543,8426.31812,995117241.6679094,Bitcoin
2025-07-21,3756.69,3860.0,3701.01,3762.33,812074.0534,3070256408.919716,4156350,385711.4986,1458766820.895454,Ethereum
2025-07-22,117380.36,120247.8,116128.0,119954.42,20959.12973,2481252763.6519103,2778733,10811.45507,1280627214.6285224,Bitcoin
2025-07-22,3762.32,3798.65,3616.54,3746.21,870127.3864,3216022611.720179,4455526,418929.4808,1548480285.714007,Ethereum
2025-07-23,119954.43,120090.0,117301.0,118755.99,14558.75083,1722126986.886661,2101404,7070.08701,836266328.744683,Bitcoin
2025-07-23,3746.21,3764.2,3527.0,3628.29,800259.4025,2907900644.9202952,3761894,369083.3537,1341700552.416428,Ethereum
2025-07-24,118756.0,119450.0,117103.1,118340.99,15806.89043,1873181653.2018075,2081435,7651.73992,906619084.6035932,Bitcoin
2025-07-24,3628.29,3771.0,3502.85,3706.94,749459.495,2743326751.987169,3752613,372725.3177,1364487144.845279,Ethereum
2025-07-25,118340.98,118451.57,114723.16,117614.31,38406.34873,4456778786.620495,3282355,17042.77355,1977873720.8964725,Bitcoin
2025-07-25,3706.95,3747.0,3573.76,3724.96,764606.7261,2799663682.731906,4083119,370298.007,1356082362.396368,Ethereum
2025-07-26,117614.31,118297.35,117138.38,117919.99,6991.67206,823629079.7493103,790372,3167.88355,373290310.2164352,Bitcoin
2025-07-26,3724.97,3793.0,3697.66,3741.1,407259.7024,1525422085.066145,1720495,204826.1817,767464713.633392,Ethereum
2025-07-27,117919.99,119766.65,117825.5,119415.55,9328.30919,1107883542.1607983,1095080,5238.30358,622261561.2507277,Bitcoin
2025-07-27,3741.11,3879.82,3731.0,3872.1,457352.4605,1744992440.585528,2299384,230309.3217,878880700.3788259,Ethereum
2025-07-28,119415.56,119800.0,117427.5,118062.32,13961.74754,1655882235.896518,1824777,7224.91774,857128354.2234088,Bitcoin
2025-07-28,3872.11,3941.0,3754.0,3799.0,620994.7463,2387363538.135913,3161770,304037.6074,1169796792.116981,Ethereum
2025-07-29,118062.32,119273.36,116950.75,117950.76,15137.93445,1788682083.6856463,1956694,7988.93736,944162800.0745872,Bitcoin
2025-07-29,3799.0,3886.44,3716.04,3793.79,584210.4393,2218694085.767802,3121489,286292.4572,1088086275.201961,Ethereum
2025-07-30,117950.75,118792.0,115796.23,117840.3,15586.73631,1832696878.2229853,1997369,7803.61434,917632890.2336526,Bitcoin
2025-07-30,3793.79,3834.03,3677.65,3810.0,525424.9003,1984744001.4884088,3128399,248999.4482,941064351.695855,Ethereum
2025-07-31,117840.29,118922.45,115500.0,115764.08,17010.0073,2002870016.7022424,1859532,8313.51616,979519362.0685424,Bitcoin
2025-07-31,3810.0,3878.67,3684.33,3698.39,516088.4503,1961880275.4025471,2754480,245555.2293,934297246.777987,Ethereum
2025-08-01,115764.07,116052.0,112722.58,113297.93,24487.10206,2810268577.1513696,4160829,11487.2212,1318593418.0612547,Bitcoin
2025-08-01,3698.39,3724.02,3431.75,3488.2,783869.1517,2826423714.237822,5288678,361738.0053,1304785660.601062,Ethereum
2025-08-02,113297.92,114063.49,112003.0,112546.35,11507.33428,1301882737.326722,2165714,5060.00835,572586383.0717313,Bitcoin
2025-08-02,3488.21,3537.69,3368.29,3393.94,494195.7094,1709705648.162931,3703627,231776.9514,802069751.3333981,Ethereum
2025-08-03,112546.35,114799.97,111920.0,114208.8,7397.76046,841090034.1542541,1419281,3738.18331,425246221.2955304,Bitcoin
2025-08-03,3393.94,3521.79,3354.28,3496.74,296347.6758,1026636932.33361,2428479,156807.23,543358817.9471129,Ethereum
2025-08-04,114208.81,115720.0,114107.6,115055.03,9667.67916,1109938874.0629709,1954230,4715.29351,541443274.8093747,Bitcoin
2025-08-04,3496.75,3736.73,3490.73,3720.99,463349.9861,1677819313.332998,3316870,241318.7064,873258522.311276,Ethereum
2025-08-05,115055.03,115127.81,112650.0,114129.75,12042.79078,1371861747.1466167,2581052,5622.66754,640570774.1010684,Bitcoin
2025-08-05,3720.99,3722.24,3546.0,3612.0,489070.9589,1772309727.640444,3721006,230213.2832,834391670.474387,Ethereum
2025-08-06,114129.75,115716.0,113355.13,114992.27,9761.15318,1118028732.8589184,2026500,4872.24748,558193207.677072,Bitcoin
2025-08-06,3612.01,3698.6,3564.19,3683.31,365309.9205,1326203496.30214,2912356,186459.2777,677091112.5961089,Ethereum
2025-08-07,114992.27,117621.0,114259.0,117472.01,13468.56263,1564454297.836927,2314671,7008.73753,814088870.444632,Bitcoin
2025-08-07,3683.31,3927.77,3647.63,3910.31,631678.9872,2402252971.4317408,3495451,344602.949,1310682080.45414,Ethereum
2025-08-08,117472.02,117630.0,115878.71,116674.74,10045.31278,1172199778.7242548,2095304,4584.90574,534970598.46875024,Bitcoin
2025-08-08,3910.3,4071.0,3880.0,4009.5,723300.0109,2868715363.889369,4175115,389637.0166,1545604109.313508,Ethereum
2025-08-09,116674.74,117944.05,116299.13,116462.25,9514.13144,1111837601.7023723,1390951,4869.85416,569228301.1169946,Bitcoin
2025-08-09,4009.51,4326.2,4006.63,4260.62,691932.1048,2897074775.140159,3932997,354396.8092,1482946335.172858,Ethereum
2025-08-10,116462.25,119311.11,116460.63,119294.01,14322.77073,1694198747.8718708,2317065,8023.43513,949082473.721322,Bitcoin
2025-08-10,4260.63,4332.6,4153.07,4250.57,494843.8105,2091948332.589114,3319102,235841.2963,997589724.686655,Ethereum
2025-08-11,119294.27,122335.16,118050.11,118686.0,26494.33429,3194611530.541069,4021743,13243.42946,1596640461.643077,Bitcoin
2025-08-11,4250.58,4366.46,4166.77,4223.22,722664.04,3089081112.554874,5162548,360218.2954,1540350244.420612,Ethereum
2025-08-12,118686.0,120324.43,118207.47,120134.08,16720.10893,1992762473.5852573,2737841,9265.05962,1104367998.1961715,Bitcoin
2025-08-12,4223.22,4639.7,4219.04,4590.52,885288.0652,3918279210.053929,5104868,460721.2581,2038703612.7785192,Ethereum
2025-08-13,120134.09,123667.79,118920.92,123306.43,23210.07102,2811581348.3874574,3712817,11931.26825,1446045988.0483146,Bitcoin
2025-08-13,4590.52,4783.85,4564.33,4749.3,925931.4988,4334944436.910635,5293034,476639.1946,2232173733.897734,Ethereum
2025-08-14,123306.44,124474.0,117180.0,118295.09,27980.947586,3359128391.108524,4350449,13402.078476,1608719584.8697336,Bitcoin
2025-08-14,4749.31,4788.0,4451.33,4546.84,1265449.0453,5853669749.165808,6488264,610793.1493,2824145240.890796,Ethereum
2025-08-15,118295.09,119216.82,116803.99,117342.05,13623.33874,1607609329.6851013,2895016,6141.41708,724799635.8172467,Bitcoin
2025-08-15,4546.84,4672.67,4368.0,4439.47,880409.2591,3978902618.0587792,5091385,431967.5378,1953497546.8720396,Ethereum
2025-08-16,117342.04,117898.99,117143.98,117380.66,6393.68117,751719391.7723638,1179842,2995.22865,352158781.0964551,Bitcoin
2025-08-16,4439.47,4490.42,4372.54,4421.99,358676.5884,1587545552.644884,2446573,172182.4814,762345533.8065139,Ethereum
2025-08-17,117380.66,118575.0,117172.21,117405.01,5898.64192,695629197.9038073,1177563,2804.73113,330799448.0903654,Bitcoin
2025-08-17,4422.0,4576.0,4393.98,4472.33,442461.3829,1990037593.51367,2844829,216791.6846,975401417.633454,Ethereum
2025-08-18,117405.01,117543.75,114640.14,116227.05,17745.93954,2053814085.4717767,3346280,7647.70667,885108979.4887484,Bitcoin
2025-08-18,4472.34,4481.88,4225.86,4312.99,823188.1269,3561988639.06488,4938429,406762.5481,1759665776.660579,Ethereum
2025-08-19,116227.05,116725.69,112732.58,112872.94,18065.47424,2065010895.8584664,3291182,8609.4137,984093545.594422,Bitcoin
2025-08-19,4312.99,4355.0,4067.34,4075.59,831222.7951,3499853674.637696,4828050,398237.7389,1679727808.428403,Ethereum
2025-08-20,112872.95,114615.38,112380.0,114271.24,15636.34194,1776149566.1247735,2998370,7209.58575,819330970.2158619,Bitcoin
2025-08-20,4075.58,4378.0,4060.0,4336.16,728324.8933,3077553918.18234,4768196,377599.4336,1596144868.677022,Ethereum
2025-08-21,114271.23,114821.76,112015.67,112500.0,10839.69235,1227373788.615563,2357380,5346.48007,605400341.4544928,Bitcoin
2025-08-21,4336.16,4340.26,4204.2,4225.3,433836.3992,1854414176.5294476,4202357,215637.3352,922109670.926336,Ethereum
2025-08-22,112500.0,117429.05,111684.79,116935.99,23128.09037,2656625122.2777863,3438518,11843.59711,1359907711.8726692,Bitcoin
2025-08-22,4225.3,4887.59,4207.39,4832.07,1277976.63526,5850514269.296542,6440351,685989.38976,3139499789.414669,Ethereum
2025-08-23,116936.0,117030.0,114560.0,115438.05,11329.36197,1308825428.0143583,1559569,5083.35014,587273893.1314433,Bitcoin
2025-08-23,4832.07,4832.07,4659.7,4778.4,512442.0888,2428561923.4178367,3011610,247002.372,1170650191.938999,Ethereum
2025-08-24,115438.06,115666.68,110680.0,113493.59,21175.98462,2411284606.189177,2573906,9325.0671,1061855201.3343124,Bitcoin
2025-08-24,4778.4,4956.78,4711.0,4780.15,780668.77842,3755014998.4467034,4316811,393654.81102,1894436117.270788,Ethereum
2025-08-25,113493.59,113667.28,109274.1,110111.98,25182.79379,2805570653.6310234,4695718,11387.5817,1269662985.34418,Bitcoin
2025-08-25,4780.15,4797.97,4334.13,4376.18,1043917.1659,4769033242.728044,6296796,466034.8159,2129931225.5307872,Ethereum
2025-08-26,110111.98,112371.0,108666.66,111763.22,18452.43877,2033437347.4999392,4077474,9863.43157,1087468493.596964,Bitcoin
2025-08-26,4376.17,4633.46,4311.04,4600.63,834750.2767,3739773474.021506,5640502,401376.3087,1798486042.553646,Ethereum
2025-08-27,111763.22,112625.0,110345.42,111262.01,13392.60875,1493774927.190832,3111496,6261.8455,698586344.1774796,Bitcoin
2025-08-27,4600.63,4663.93,4481.53,4506.71,606669.3611,2784659238.3017006,3920404,307736.9098,1412983486.966091,Ethereum
2025-08-28,111262.01,113485.9,110862.42,112566.9,11104.27744,1250788481.9453218,2066780,5139.46509,578866003.6838148,Bitcoin
2025-08-28,4506.71,4633.97,4430.0,4511.21,485243.4027,2202472276.64976,3236156,230509.0927,1046782923.357486,Ethereum
2025-08-29,112566.9,112638.64,107463.9,108377.4,22580.31045,2475492492.5775294,3606959,10616.35644,1164321513.1044571,Bitcoin
2025-08-29,4511.2,4516.75,4265.0,4360.18,679063.8777,2969120530.274377,4406428,324223.3629,1417503064.20564,Ethereum
2025-08-30,108377.4,108926.15,107350.1,108816.33,10708.39159,1160666772.7387524,1411040,5797.17783,628457794.843401,Bitcoin
2025-08-30,4360.18,4415.61,4257.2,4373.7,340319.1826,1483613909.749367,2086140,180789.988,788720330.9840739,Ethereum
2025-08-31,108816.33,109480.02,108076.93,108246.35,9489.51596,1031806894.3513318,1366633,4573.61058,497406888.1691883,Bitcoin
2025-08-31,4373.7,4498.47,4372.63,4391.83,356586.1861,1588952837.432261,2221987,183775.3164,819127243.58221,Ethereum
2025-09-01,108246.36,109912.4,107255.0,109237.42,16053.60219,1742516638.781135,2729384,7532.99101,817730948.9844334,Bitcoin
2025-09-01,4391.83,4491.84,4210.61,4314.5,513830.0395,2244610986.86617,4011776,246147.2654,1075592499.534808,Ethereum
2025-09-02,109237.43,111771.52,108393.39,111240.01,18510.28756,2042681451.9016385,2596328,9088.71727,1003032805.5367996,Bitcoin
2025-09-02,4314.5,4416.78,4257.85,4326.5,524605.0512,2275752549.704531,4161006,262315.1298,1138093049.510545,Ethereum
2025-09-03,111240.01,112575.27,110528.71,111705.71,11773.72084,1313762617.3436644,2214249,5539.29462,618293676.5075179,Bitcoin
2025-09-03,4326.49,4490.64,4283.23,4450.46,487091.6861,2146232316.546182,3491341,260805.1318,1150952058.93142,Ethereum
2025-09-04,111705.72,112180.0,109329.12,110730.87,12203.13536,1349031325.5320847,2230255,6070.78151,670681185.82571,Bitcoin
2025-09-04,4450.46,4482.05,4265.33,4297.55,471795.7096,2061920365.306792,4087637,223178.8479,975391239.955494,Ethereum
2025-09-05,110730.87,113384.62,110206.96,110659.99,21587.40888,2413132200.623325,2970419,10787.81127,1206066261.227201,Bitcoin
2025-09-05,4297.56,4490.0,4256.03,4307.45,624169.8754,2722930703.949958,4751518,312428.2352,1364013868.120256,Ethereum
2025-09-06,110660.0,111307.7,109977.0,110187.97,5000.29897,552785936.5434699,795201,2308.83297,255237426.946011,Bitcoin
2025-09-06,4307.46,4329.3,4236.0,4273.14,191166.0686,819243725.2123,1711937,90318.6833,387096202.235548,Ethereum
2025-09-07,110187.98,111600.0,110180.0,111137.34,5681.29944,630447950.1588689,874961,2570.85199,285303923.5404623,Bitcoin
2025-09-07,4273.15,4336.02,4270.81,4306.19,169620.8372,729149678.760542,1450115,88389.9104,379994466.147124,Ethereum
2025-09-08,111137.35,112924.37,110621.78,112065.23,11582.40211,1295903862.4649603,1744598,5531.65969,618773275.3576307,Bitcoin
2025-09-08,4306.19,4384.06,4279.0,4306.37,372882.4355,1611402674.924859,2889398,185577.5078,801973160.9357901,Ethereum
2025-09-09,112065.23,113293.29,110766.66,111546.39,15379.28248,1721465997.906366,2143242,7597.38038,849973176.1775683,Bitcoin
2025-09-09,4306.36,4381.87,4276.76,4310.09,405485.7821,1751903233.455334,3068397,197329.24,852710674.591241,Ethereum
2025-09-10,111546.38,114313.13,110917.45,113960.0,17517.41823,1978834750.2223115,2182534,8274.63998,934646697.4823323,Bitcoin
2025-09-10,4310.08,4453.57,4285.1,4349.32,506633.9098,2207912091.685508,3221192,275693.6907,1201067542.577108,Ethereum
2025-09-11,113960.0,115488.09,113430.0,115482.69,13676.73119,1562241144.956541,2166359,6744.29993,770595422.6905212,Bitcoin
2025-09-11,4349.33,4481.09,4338.82,4458.82,441259.6649,1949893256.335128,3446340,233524.3882,1032162722.674102,Ethereum
2025-09-12,115482.69,116665.63,114740.99,116029.42,15324.10719,1772122269.5018637,2481491,7995.57276,924775389.8569396,Bitcoin
2025-09-12,4458.83,4748.4,4450.71,4712.16,510777.5402,2337299050.098691,3859691,260127.4464,1190623320.120003,Ethereum
2025-09-13,116029.41,116298.78,115127.27,115918.29,8269.40394,957724220.6497612,1223635,3590.09359,415773029.4393527,Bitcoin
2025-09-13,4712.16,4769.36,4605.0,4666.53,394393.6869,1850836179.9834836,2711137,194348.8388,912698240.496336,Ethereum
2025-09-14,115918.29,116165.19,115135.0,115268.01,6707.60197,775762364.9685991,1237218,3406.90777,393977059.3035421,Bitcoin
2025-09-14,4666.54,4692.36,4576.89,4604.49,278244.3205,1287527692.946413,2561665,119825.8078,554538161.069432,Ethereum
2025-09-15,115268.01,116757.99,114384.0,115349.71,13212.51149,1522648235.2235153,2857989,6621.3636,763138585.685025,Bitcoin
2025-09-15,4604.48,4670.28,4466.0,4523.74,412291.9687,1874781946.0150995,3889905,203592.7664,925893860.09543,Ethereum
2025-09-16,115349.71,116964.27,114737.11,116788.96,10926.9094,1265779287.5169268,2047058,5292.18365,613182568.9919184,Bitcoin
2025-09-16,4523.74,4538.25,4424.0,4501.29,293307.1099,1315498731.650004,2967454,149843.5255,671943724.597036,Ethereum
2025-09-17,116788.96,117286.73,114720.81,116447.59,16754.2454,1946083704.6217456,3227418,7975.0019,926282110.833079,Bitcoin
2025-09-17,4501.3,4616.77,4412.0,4590.53,476981.4561,2149457762.913816,3859374,239986.8267,1081954417.390737,Ethereum
2025-09-18,116447.6,117900.0,116092.76,117073.53,11657.23365,1367513347.486509,2252654,5717.34538,670700552.9347277,Bitcoin
2025-09-18,4590.54,4644.47,4553.7,4587.66,290660.377,1336761563.704996,2922079,146325.1789,673188179.996935,Ethereum
2025-09-19,117073.53,117459.99,115100.0,115632.38,8992.09065,1045792401.4532388,1732471,4020.81483,467345983.0786799,Bitcoin
2025-09-19,4587.66,4620.72,4435.7,4468.59,331611.1482,1495953132.099773,2302227,143873.0695,649024828.8948929,Ethereum
2025-09-20,115632.39,116121.81,115408.47,115685.63,4674.92752,541264273.2416894,740451,2276.16483,263511469.8432588,Bitcoin
2025-09-20,4468.59,4508.71,4454.45,4480.42,130781.913,585813348.774924,1094083,65379.0397,292888970.600943,Ethereum
2025-09-21,115685.63,115819.06,115188.0,115232.29,4511.52219,521299751.1504096,945965,2016.72489,233031538.74699312,Bitcoin
2025-09-21,4480.41,4498.16,4443.0,4444.97,149349.8262,668077573.112986,1098813,74558.8041,333524523.784046,Ethereum
2025-09-22,115232.29,115379.25,111800.0,112650.99,20781.71356,2348872511.6988754,3045876,9312.35777,1052684266.8981876,Bitcoin
2025-09-22,4444.98,4455.76,4077.0,4199.08,708243.2348,2991392446.130756,4143966,343579.0176,1450404524.234355,Ethereum
2025-09-23,112650.99,113290.5,111458.73,111998.8,12301.3203,1383869800.273703,2455729,5543.3609,623665658.7200328,Bitcoin
2025-09-23,4199.09,4229.03,4114.39,4164.26,315227.9057,1318382529.127912,3449275,157024.3339,656858840.051957,Ethereum
2025-09-24,111998.8,113940.0,111042.66,113307.0,12369.25967,1394470628.502582,2229837,6100.69487,687826281.220477,Bitcoin
2025-09-24,4164.25,4206.9,4073.74,4152.81,353665.5671,1472276097.667921,3119658,166727.3367,694041084.4057449,Ethereum
2025-09-25,113307.01,113510.23,108631.51,108994.49,21231.14957,2356639689.9252143,4409953,9511.07937,1055527535.7684448,Bitcoin
2025-09-25,4152.81,4161.04,3815.0,3874.36,930327.6951,3702962412.917114,7611345,441393.5543,1756048962.795275,Ethereum
2025-09-26,108994.49,110300.0,108620.07,109643.46,14243.01591,1557098915.9392595,3257155,6978.29033,762955442.7524,Bitcoin
2025-09-26,3874.35,4068.3,3867.65,4032.24,575711.0859,2275867014.046836,5466636,307750.3457,1216442944.06247,Ethereum
2025-09-27,109643.46,109743.91,109064.4,109635.85,5501.78643,601947588.9970765,919594,2523.25886,276080500.9941954,Bitcoin
2025-09-27,4032.24,4039.01,3972.98,4018.38,172693.2638,692281857.207582,1940113,79817.4035,320025622.513547,Ethereum
2025-09-28,109635.85,112350.0,109189.99,112163.95,7542.3316,832254944.3203354,1484866,3781.87606,417495757.16935,Bitcoin
2025-09-28,4018.39,4144.88,3966.0,4142.16,240331.8589,972239151.6275792,2500609,140010.7323,566880552.499075,Ethereum
2025-09-29,112163.96,114400.0,111560.65,114311.96,15541.12005,1755247635.871136,2442653,7836.68768,884934987.568753,Bitcoin
2025-09-29,4142.16,4235.86,4082.25,4215.07,380728.6784,1580732256.801187,3612246,199061.7147,826365235.842847,Ethereum
2025-09-30,114311.97,114792.0,112656.27,114048.93,15044.15633,1710713267.1300955,3018331,7185.72154,817044461.2701814,Bitcoin
2025-09-30,4215.07,4245.0,4092.1,4145.15,391126.6172,1625808124.643462,4118784,181458.9958,754666917.7275741,Ethereum
2025-10-01,114048.94,118649.1,113966.67,118594.99,20036.39516,2332096981.265933,3430343,10071.04092,1172422657.4065175,Bitcoin
2025-10-01,4145.15,4355.46,4123.08,4348.03,507026.3822,2165739972.3710446,4138481,247673.9891,1059254829.127008,Ethereum
2025-10-02,118594.99,121022.07,118279.31,120529.35,19670.83503,2349861127.34458,3472073,9753.07848,1164986423.9898076,Bitcoin
2025-10-02,4348.03,4516.74,4332.73,4484.35,526411.1571,2322911121.293646,4441183,270113.997,1192562119.649421,Ethereum
2025-10-03,120529.35,123894.99,119248.3,122232.0,23936.328,2907381076.6813188,4246820,11288.62355,1372792607.6136217,Bitcoin
2025-10-03,4484.35,4591.59,4428.0,4512.87,485684.0267,2184423024.582545,5149648,234630.1499,1055644644.394335,Ethereum
2025-10-04,122232.21,122800.0,121510.0,122391.0,8208.16678,1002272903.3446472,1703590,3767.80335,460154433.12366194,Bitcoin
2025-10-04,4512.88,4517.93,4440.0,4487.15,199732.7088,895195711.8810791,2252261,90161.8179,404217765.196633,Ethereum
2025-10-05,122390.99,125708.42,122136.0,123482.31,22043.097553,2730817470.939564,3690670,11780.672403,1459478400.9109964,Bitcoin
2025-10-05,4487.16,4618.17,4467.05,4514.32,506587.9614,2305062852.191549,3791095,265246.9061,1206877173.081055,Ethereum
2025-10-06,123482.32,126199.63,123084.0,124658.54,19494.628793,2428828952.2653184,4206167,9963.008153,1241625129.7177184,Bitcoin
2025-10-06,4514.32,4735.93,4488.25,4684.01,456200.6528,2107882753.6147287,4677655,235462.9488,1087700705.075086,Ethereum
2025-10-07,124658.54,125126.0,120574.94,121332.95,21633.99385,2657405799.8705487,4390785,9699.35099,1191947741.6989057,Bitcoin
2025-10-07,4684.02,4755.0,4430.43,4447.7,640685.9319,2946435862.400838,6028668,308407.6086,1419710155.477069,Ethereum
2025-10-08,121332.96,124197.25,121066.14,123306.0,17012.618,2084842842.4416168,4184997,9039.06222,1107976264.6948595,Bitcoin
2025-10-08,4447.7,4558.0,4410.08,4525.72,399904.3287,1791815622.635745,4771608,205585.7695,921332896.435835,Ethereum
2025-10-09,123306.01,123762.94,119651.47,121662.4,21559.36007,2621438087.566733,4231167,10144.15364,1233882833.5642388,Bitcoin
2025-10-09,4525.72,4531.52,4265.06,4368.09,515978.1829,2257574038.66859,5181361,242773.6384,1060847514.335138,Ethereum
2025-10-10,121662.41,122550.0,102000.0,112774.5,64171.93927,7349750905.041157,11404522,30502.14297,3493298452.846008,Bitcoin
2025-10-10,4368.09,4393.63,3435.0,3829.72,1493971.0244,5954598988.690315,12594514,680600.6897,2723566227.172543,Ethereum
2025-10-11,112774.49,113322.39,109561.59,110644.4,35448.51652,3961069473.231136,6661929,15375.94796,1718429599.5669522,Bitcoin
2025-10-11,3829.72,3878.3,3643.33,3746.79,789885.6582,2994511140.4092994,8794145,362107.5901,1373206442.87708,Ethereum
2025-10-12,110644.4,115770.0,109565.06,114958.8,32255.30272,3638546528.740156,6048575,16915.44533,1907676479.1772509,Bitcoin
2025-10-12,3746.8,4197.7,3694.74,4152.29,811308.152,3213401552.274956,8286691,406500.5487,1607458765.920295,Ethereum
2025-10-13,114958.81,115963.81,113616.5,115166.0,22557.24033,2591831660.985749,5739352,10710.89723,1230950583.8424664,Bitcoin
2025-10-13,4152.29,4292.0,4042.29,4240.85,622813.9247,2590697041.4796047,8321249,302948.0094,1261092410.082509,Ethereum
2025-10-14,115166.0,115409.96,109866.0,113028.14,31870.32974,3578140778.808499,7425642,14944.19197,1677011392.6343808,Bitcoin
2025-10-14,4240.86,4263.38,3888.74,4125.02,962996.7658,3894019260.946043,10714712,500346.6817,2021620281.2079551,Ethereum
2025-10-15,113028.13,113612.35,110164.0,110763.28,22986.48811,2569639641.352769,5243141,10499.31831,1173678794.920774,Bitcoin
2025-10-15,4125.01,4217.6,3926.74,3985.61,626081.6966,2543782117.9732566,7421801,313175.5389,1273392874.002121,Ethereum
2025-10-16,110763.28,111982.45,107427.0,108194.28,29857.17252,3277596494.7619195,6127094,13126.95119,1441416875.126377,Bitcoin
2025-10-16,3985.61,4086.49,3826.04,3894.51,643804.6163,2552218455.01882,8451902,319663.4266,1268557283.411159,Ethereum
2025-10-17,108194.27,109240.0,103528.23,106431.68,37920.66838,4022645635.2212014,7570685,17996.99946,1909654487.4562209,Bitcoin
2025-10-17,3894.5,3950.45,3674.5,3831.57,830127.0885,3147006926.52111,9412569,421727.0445,1597875952.217623,Ethereum
2025-10-18,106431.68,107499.0,106322.2,107185.01,11123.18766,1189002999.143113,2105450,4845.85641,518065716.6618129,Bitcoin
2025-10-18,3831.58,3927.73,3819.07,3889.21,250710.6121,971616631.642943,3174247,123527.728,478841122.02979,Ethereum
2025-10-19,107185.0,109450.07,106103.36,108642.78,15480.66423,1670074079.5802343,3205640,7100.31013,766423535.8177378,Bitcoin
2025-10-19,3889.2,4030.94,3827.04,3982.58,408538.2545,1609546719.154199,4377250,210770.829,830019862.215925,Ethereum
2025-10-20,108642.77,111705.56,107402.52,110532.09,19193.4416,2119912185.5934684,4283542,9280.50075,1024925788.7216992,Bitcoin
2025-10-20,3982.58,4085.3,3908.73,3979.22,511382.3301,2049366257.2948992,5803391,237126.1851,950802301.277708,Ethereum
2025-10-21,110532.09,114000.0,107473.72,108297.67,37228.01659,4114477849.932055,6004063,17034.07155,1881327751.3346128,Bitcoin
2025-10-21,3979.22,4110.0,3840.24,3873.05,590594.1382,2335723187.677247,7015049,279785.5053,1107257090.995763,Ethereum
2025-10-22,108297.66,109163.88,106666.69,107567.44,28610.78451,3090291706.4439816,5547903,13766.58861,1487179903.5999787,Bitcoin
2025-10-22,3873.04,3889.27,3710.0,3805.53,593130.0905,2268706650.109904,6834244,263582.8173,1008334927.99178,Ethereum
2025-10-23,107567.45,111293.61,107500.0,110078.18,17573.09294,1924582289.4113936,3721614,8575.33716,938905317.7034107,Bitcoin
2025-10-23,3805.53,3934.86,3796.54,3856.8,477231.0181,1842438997.006866,4206428,210507.9739,813180072.006933,Ethereum
2025-10-24,110078.19,112104.98,109700.01,111004.89,15005.16913,1662806764.9533324,3241022,7511.2434,832390454.8076226,Bitcoin
2025-10-24,3856.8,4026.39,3845.86,3934.88,425926.9383,1676037250.100214,4291705,217754.8375,857155216.561159,Ethereum
2025-10-25,111004.9,111943.19,110672.86,111646.27,6407.96864,714201332.9751225,1238199,3087.0866,344113931.7999452,Bitcoin
2025-10-25,3934.88,3969.22,3912.4,3953.82,138526.3338,545722019.6759751,1476147,67667.2793,266617187.890661,Ethereum
2025-10-26,111646.27,115466.8,111260.45,114559.4,13454.47737,1525108635.874829,2463951,6982.18154,791462349.3516057,Bitcoin
2025-10-26,3953.81,4178.78,3919.03,4158.46,344698.0918,1396836816.693465,3249487,173720.1856,703491084.2620751,Ethereum
2025-10-27,114559.41,116400.0,113830.01,114107.65,21450.23241,2470872744.548968,3660488,10969.70182,1263753536.9973898,Bitcoin
2025-10-27,4158.46,4253.72,4095.0,4120.15,487131.2291,2035684992.6036072,5081784,248999.9729,1040497593.800265,Ethereum
2025-10-28,114107.65,116086.0,112211.0,112898.45,15523.42257,1772753529.8642745,3829845,7765.31574,887031686.0163724,Bitcoin
2025-10-28,4120.16,4175.55,3931.33,3979.2,472965.8377,1926589295.491682,5061999,222962.1579,908763052.717048,Ethereum
2025-10-29,112898.44,113643.73,109200.0,110021.29,21079.71376,2356715986.533545,4481480,10407.07233,1163985607.3569083,Bitcoin
2025-10-29,3979.19,4036.66,3840.37,3902.99,486452.3127,1925328091.834018,5571627,230694.78,913403769.324608,Ethereum
2025-10-30,110021.3,111592.0,106304.34,108322.88,25988.82838,2827221287.4227977,6373451,12551.13144,1365671836.7455924,Bitcoin
2025-10-30,3903.0,3948.74,3680.0,3805.09,531455.9923,2028708564.222212,6906431,253157.6828,966915641.09658,Ethereum
2025-10-31,108322.87,111190.0,108275.28,109608.01,21518.20439,2361590437.9414105,5256872,10798.53938,1185034290.9237795,Bitcoin
2025-10-31,3804.95,3906.09,3796.36,3847.99,478636.2995,1843471240.950858,5000695,263997.8361,1017255899.859766,Ethereum
2025-11-01,109608.01,110564.49,109394.81,110098.1,7378.50431,812389216.4346799,1994214,3406.68401,375126956.08097214,Bitcoin
2025-11-01,3848.0,3909.39,3831.0,3873.77,152998.1626,592459458.761567,1840903,75638.8612,292912520.170275,Ethereum
2025-11-02,110098.1,111250.01,109471.34,110540.68,12107.00087,1336870531.1415012,2652188,5921.86453,654016950.2549777,Bitcoin
2025-11-02,3873.78,3918.23,3839.12,3906.58,216083.1542,837354910.688628,2433160,115417.9205,447423699.373431,Ethereum
2025-11-03,110540.69,110750.0,105306.56,106583.04,28681.18779,3076006652.001568,7074546,12847.08574,1377869106.6681776,Bitcoin
2025-11-03,3906.58,3914.29,3558.82,3603.83,877187.3852,3238285047.509506,7464333,396065.9448,1462435750.935427,Ethereum
2025-11-04,106583.05,107299.0,98944.36,101497.22,50534.87376,5197697635.212413,9099609,23388.99033,2406186713.1705294,Bitcoin
2025-11-04,3603.84,3654.54,3057.0,3287.05,1568004.2379,5314450723.763831,10283812,730780.3823,2476934144.731218,Ethereum
2025-11-05,101497.23,104534.74,98966.8,103885.16,33778.77571,3454273922.7003846,6500368,18126.84828,1854232277.0330112,Bitcoin
2025-11-05,3287.05,3480.46,3166.66,3424.29,809591.5132,2699190339.152632,6935719,421218.8965,1403027181.859867,Ethereum
2025-11-06,103885.16,104200.0,100300.95,101346.04,25814.62139,2641767846.305827,5755001,11972.54796,1225474173.0204284,Bitcoin
2025-11-06,3424.29,3456.46,3245.45,3315.14,566363.7003,1896818057.207791,6422367,278569.8569,932497460.9571712,Ethereum
2025-11-07,101346.04,104096.36,99260.86,103339.08,32059.50942,3251112979.305884,6335759,16056.80582,1629564159.11658,Bitcoin
2025-11-07,3315.14,3473.0,3194.2,3436.05,683417.3854,2269770217.236428,7139239,352056.0459,1169901356.913121,Ethereum
2025-11-08,103339.09,103406.22,101454.0,102312.94,12390.77985,1267165565.37527,2743819,5862.65977,599611355.3671467,Bitcoin
2025-11-08,3436.04,3488.0,3355.58,3401.51,291532.2881,997076516.09053,3661341,144818.0207,495545476.0573329,Ethereum
2025-11-09,102312.95,105495.62,101400.0,104722.96,16338.97096,1687020822.3668208,3404204,8224.94939,849620657.0869098,Bitcoin
2025-11-09,3401.51,3623.25,3358.66,3583.46,464098.052,1616068059.82672,4471232,255287.6113,888865168.9269341,Ethereum
2025-11-10,104722.95,106670.11,104265.02,106011.13,22682.25673,2400141664.389342,4710957,11595.81944,1226965888.74677,Bitcoin
2025-11-10,3583.46,3658.98,3507.3,3567.85,595273.0298,2130222587.624694,5374965,288985.1178,1035700899.574761,Ethereum
2025-11-11,106011.13,107500.0,102476.09,103058.99,24196.50718,2532279071.0069213,5532149,10717.03395,1121890584.1997764,Bitcoin
2025-11-11,3567.85,3648.27,3405.24,3417.76,660283.2747,2334219569.458803,6239855,279975.2724,988115425.798087,Ethereum
2025-11-12,103059.0,105333.33,100813.59,101654.37,20457.63906,2108514405.260877,5314132,10155.72095,1047214063.138287,Bitcoin
2025-11-12,3417.76,3588.19,3371.65,3414.92,553101.9368,1913040553.62282,5915987,269502.1432,932258100.373958,Ethereum
2025-11-13,101654.37,104085.01,98000.4,99692.02,36198.50771,3654698026.540381,8125404,17250.22426,1742449117.5763607,Bitcoin
2025-11-13,3414.91,3565.84,3154.22,3231.54,951989.1347,3206643011.077227,8109562,479288.7197,1611512971.446227,Ethereum
2025-11-14,99692.03,99866.02,94012.45,94594.0,47288.14481,4566085156.747208,9551025,21184.91518,2045542286.863484,Bitcoin
2025-11-14,3231.55,3256.71,3070.0,3112.4,890446.1491,2825408309.9258246,9563602,444168.0228,1410419310.962096,Ethereum
2025-11-15,94594.0,96846.68,94558.49,95596.24,15110.89391,1449074019.0674856,4263558,7115.78198,682358960.754042,Bitcoin
2025-11-15,3112.4,3230.0,3110.68,3167.88,338463.4782,1076796729.102536,3329279,178961.8223,569908112.717186,Ethereum
2025-11-16,95596.23,96635.11,93005.55,94261.44,23889.4051,2261295524.8173394,5141394,10828.62752,1025540141.3111866,Bitcoin
2025-11-16,3167.87,3249.0,3004.0,3095.29,570633.5809,1779987722.711093,5709385,287844.8346,899323831.8419169,Ethereum
2025-11-17,94261.45,96043.0,91220.0,92215.14,39218.59806,3674562070.2386074,8134322,18690.19245,1750979467.7862608,Bitcoin
2025-11-17,3095.29,3223.38,2959.46,3031.44,762500.4289,2363337280.765939,7450569,387414.7425,1201427058.002213,Ethereum
2025-11-18,92215.14,93836.01,89253.78,92960.83,39835.14769,3641033186.3004575,8786593,20130.95957,1841176605.1418235,Bitcoin
2025-11-18,3031.44,3169.95,2946.56,3123.66,766640.1058,2340587460.798044,7615241,403280.7886,1232613020.736247,Ethereum
2025-11-19,92960.83,92980.22,88608.0,91554.96,32286.6376,2925773651.2559576,6822174,15060.08451,1365200809.1745572,Bitcoin
2025-11-19,3123.65,3125.54,2873.64,3025.48,737926.7146,2216678695.223021,7164222,360036.5459,1081978073.162999,Ethereum
2025-11-20,91554.96,93160.0,86100.0,86637.23,39733.19073,3548950335.0984216,7841395,18283.84047,1634256490.957432,Bitcoin
2025-11-20,3025.48,3063.61,2790.01,2834.22,912524.3718,2661800409.340738,7127439,428888.8725,1252889590.169883,Ethereum
2025-11-21,86637.22,87498.94,80600.0,85129.43,72256.12679,6061348756.341564,11826480,34071.85828,2859133223.2240524,Bitcoin
2025-11-21,2834.21,2886.73,2623.57,2765.85,1180475.4085,3236847819.47923,10064748,547922.1099,1502813541.495193,Ethereum
2025-11-22,85129.42,85620.0,83500.0,84739.74,14193.93263,1197657354.9690385,4697593,6688.79428,564562148.9373932,Bitcoin
2025-11-22,2765.86,2799.01,2704.33,2770.12,264691.3089,726992504.445693,3610746,130783.3858,359293974.593027,Ethereum
2025-11-23,84739.75,88127.64,84667.57,86830.0,19734.46418,1708685030.2798696,5063493,10406.51703,901210513.5204473,Bitcoin
2025-11-23,2770.12,2858.16,2768.29,2802.16,409808.5734,1154902366.816105,3902263,206241.2795,581290867.286262,Ethereum
2025-11-24,86830.0,89228.0,85272.0,88300.01,24663.12795,2150393686.9203186,6189156,12438.87518,1085485389.0234168,Bitcoin
2025-11-24,2802.16,2987.0,2763.0,2953.38,715279.7551,2052356496.5525951,5727108,341887.1162,979551492.849392,Ethereum
2025-11-25,88300.01,88519.99,86116.0,87369.96,19567.0411,1708989000.038937,4838747,9423.17985,823123525.1402558,Bitcoin
2025-11-25,2953.38,2980.82,2857.32,2959.36,427686.4528,1246454120.370332,4418266,202476.6298,590249449.8133689,Ethereum
2025-11-26,87369.97,90656.08,86306.77,90484.02,21675.82239,1916851896.6699688,4668280,10883.61063,962765375.8163832,Bitcoin
2025-11-26,2959.36,3045.0,2888.69,3026.56,364535.326,1079536972.459607,3911013,171996.0241,509726234.870356,Ethereum
2025-11-27,90484.01,91950.0,90089.91,91333.95,16833.50932,1535778106.5787077,3920172,8898.35835,812005498.7594875,Bitcoin
2025-11-27,3026.56,3071.37,2985.78,3015.23,274980.3955,831942752.0997089,2917476,127744.67,386552391.7845351,Ethereum
2025-11-28,91333.94,93092.0,90180.63,90890.7,18830.86012,1721418035.0795596,4229754,8961.64712,820315728.918691,Bitcoin
2025-11-28,3015.23,3099.0,2994.36,3031.15,346616.0275,1053857760.714809,3662478,172614.6176,525060095.64153504,Ethereum
2025-11-29,90890.71,91165.65,90155.47,90802.44,7429.88291,673725652.9787655,1677860,3359.04932,304614219.1452583,Bitcoin
2025-11-29,3031.14,3052.64,2961.91,2989.16,217904.1303,654348734.599726,1930588,93034.0164,279413777.604877,Ethereum
2025-11-30,90802.44,92000.01,90336.9,90360.0,9687.74175,884051773.1655338,2154030,5002.96698,456606490.1203246,Bitcoin
2025-11-30,2989.17,3053.02,2975.3,2991.26,182722.4253,551904047.432645,1896781,87143.6579,263255693.67659,Ethereum
